{"loss":{"0":0.2547332644},"accuracy":{"0":0.9066300392},"sensitivity":{"0":0.8953461051},"specificity":{"0":0.9600093365},"val_loss":{"0":0.1836433858},"val_accuracy":{"0":0.9346910119},"val_sensitivity":{"0":0.9332864881},"val_specificity":{"0":0.9685159326}}