{"loss":{"0":0.2570815086},"accuracy":{"0":0.9058699608},"sensitivity":{"0":0.8963984847},"specificity":{"0":0.9584892392},"val_loss":{"0":0.1403098255},"val_accuracy":{"0":0.9508426785},"val_sensitivity":{"0":0.9494382143},"val_specificity":{"0":0.9765917659}}