{"loss":{"0":0.262008816,"1":0.1032342464,"2":0.0629671961,"3":0.053942129,"4":0.0405590907,"5":0.0303113982,"6":0.0230815038,"7":0.0271361601,"8":0.0265288334,"9":0.0142539907,"10":0.0228122771,"11":0.0112192743,"12":0.0261663739,"13":0.0108994693,"14":0.0132825011,"15":0.023294339,"16":0.0150481723,"17":0.0116407108,"18":0.0100809224,"19":0.0118645271,"20":0.0146674858,"21":0.0117808357,"22":0.0092006167,"23":0.0028053182,"24":0.0143431621,"25":0.0167618766,"26":0.0045800721,"27":0.0115450099,"28":0.0100429943,"29":0.0094829109,"30":0.0120659862,"31":0.0049980329,"32":0.007409336,"33":0.011669145,"34":0.0100591807,"35":0.0079430528,"36":0.0059628002,"37":0.0057946267,"38":0.0074594133,"39":0.001752566,"40":0.0147119025,"41":0.0098608788,"42":0.0078911623,"43":0.0018309592,"44":0.0015508553,"45":0.0073099989,"46":0.0144245327,"47":0.0076933736,"48":0.0068094786,"49":0.0033600198},"accuracy":{"0":0.9029017687,"1":0.9656249881,"2":0.9775297642,"3":0.9805803299,"4":0.9855654836,"5":0.9892857075,"6":0.9921131134,"7":0.9912202358,"8":0.9912946224,"9":0.9958333373,"10":0.9921875,"11":0.9962797761,"12":0.9909226298,"13":0.9967262149,"14":0.9958333373,"15":0.9914434552,"16":0.9947916865,"17":0.9959077239,"18":0.9964285493,"19":0.9959821701,"20":0.9950149059,"21":0.9965029955,"22":0.9970238209,"23":0.9989583492,"24":0.9951636791,"25":0.9953868985,"26":0.9985119104,"27":0.9963541627,"28":0.9969494343,"29":0.9966517687,"30":0.9959077239,"31":0.9978422523,"32":0.9977678657,"33":0.9964285493,"34":0.9965773821,"35":0.9974702597,"36":0.998288691,"37":0.9982143044,"38":0.9976190329,"39":0.9994791746,"40":0.9950149059,"41":0.9969494343,"42":0.9972470403,"43":0.9994791746,"44":0.9995535612,"45":0.9975446463,"46":0.9953868985,"47":0.9974702597,"48":0.9978422523,"49":0.9988095164},"sensitivity":{"0":0.8860118985,"1":0.9640625119,"2":0.977157712,"3":0.9803571701,"4":0.9853422642,"5":0.9892857075,"6":0.9919642806,"7":0.9911458492,"8":0.9912202358,"9":0.9958333373,"10":0.9921875,"11":0.9962053299,"12":0.9906994104,"13":0.9967262149,"14":0.9958333373,"15":0.9913690686,"16":0.9947916865,"17":0.9959077239,"18":0.9964285493,"19":0.9959821701,"20":0.9949404597,"21":0.9965029955,"22":0.9970238209,"23":0.9989583492,"24":0.9951636791,"25":0.9953868985,"26":0.9985119104,"27":0.9962797761,"28":0.9969494343,"29":0.9966517687,"30":0.9958333373,"31":0.9978422523,"32":0.9977678657,"33":0.9964285493,"34":0.9965773821,"35":0.9974702597,"36":0.998288691,"37":0.9982143044,"38":0.9976190329,"39":0.9994791746,"40":0.9950149059,"41":0.9969494343,"42":0.9972470403,"43":0.9994791746,"44":0.9995535612,"45":0.9975446463,"46":0.9953868985,"47":0.9974702597,"48":0.9977678657,"49":0.9988095164},"specificity":{"0":0.9608259201,"1":0.9833705425,"2":0.9890252948,"3":0.990476191,"4":0.9929315448,"5":0.9947916865,"6":0.99609375,"7":0.9956845045,"8":0.9956845045,"9":0.9979538918,"10":0.99609375,"11":0.9981398582,"12":0.9954612851,"13":0.9983630776,"14":0.9979166389,"15":0.9957216978,"16":0.9974330068,"17":0.9979538918,"18":0.998288691,"19":0.9979910851,"20":0.997507453,"21":0.9982514977,"22":0.9985119104,"23":0.9994791746,"24":0.9975818396,"25":0.997805059,"26":0.9992559552,"27":0.9982143044,"28":0.9984747171,"29":0.9983258843,"30":0.9980282784,"31":0.9989211559,"32":0.998883903,"33":0.9982143044,"34":0.998288691,"35":0.9987351298,"36":0.9991443157,"37":0.9991071224,"38":0.9988095164,"39":0.9997395873,"40":0.9976562262,"41":0.9984747171,"42":0.9986234903,"43":0.9997395873,"44":0.9998139739,"45":0.9987723231,"46":0.9976934791,"47":0.9987351298,"48":0.9989583492,"49":0.999404788},"val_loss":{"0":0.2267397195,"1":0.1838444024,"2":0.2957034409,"3":0.1656033397,"4":0.1973979473,"5":0.1831187755,"6":0.2570055425,"7":0.1868145317,"8":0.3397681713,"9":0.1570918709,"10":0.2491660267,"11":0.2137436718,"12":0.2260760069,"13":0.1904076785,"14":0.2643099129,"15":0.2352516502,"16":0.2627881467,"17":0.4986659884,"18":0.3099581599,"19":0.2576096654,"20":0.2246041894,"21":0.2734287679,"22":0.2081304044,"23":0.2646501064,"24":0.2385929674,"25":0.2005768865,"26":0.3287163377,"27":0.1770944148,"28":0.1984549761,"29":0.2056025118,"30":0.1767274886,"31":0.2848633528,"32":0.212567836,"33":0.2121546865,"34":0.225031808,"35":0.2285068035,"36":0.2142821103,"37":0.3549020886,"38":0.1955789477,"39":0.2120048106,"40":0.2852062583,"41":0.2458602637,"42":0.1986751705,"43":0.2247327864,"44":0.2589891851,"45":0.2170802206,"46":0.2452928871,"47":0.2762640119,"48":0.2195305377,"49":0.2074213922},"val_accuracy":{"0":0.9236606956,"1":0.9392856956,"2":0.912946403,"3":0.9551339149,"4":0.9366071224,"5":0.9549106956,"6":0.9435268044,"7":0.9535714388,"8":0.9366071224,"9":0.9629464149,"10":0.9529017806,"11":0.9491071701,"12":0.9470981956,"13":0.9649553299,"14":0.9377232194,"15":0.9582589269,"16":0.9477678537,"17":0.9191964269,"18":0.9399553537,"19":0.9499999881,"20":0.9607142806,"21":0.9566964507,"22":0.9569196701,"23":0.9462053776,"24":0.9544642568,"25":0.9535714388,"26":0.9426339269,"27":0.962053597,"28":0.9629464149,"29":0.9600446224,"30":0.9600446224,"31":0.9575892687,"32":0.9589285851,"33":0.9517857432,"34":0.9488839507,"35":0.962053597,"36":0.9602678418,"37":0.9316964149,"38":0.9633928537,"39":0.9665178657,"40":0.938616097,"41":0.9444196224,"42":0.9604910612,"43":0.9654017687,"44":0.9645089507,"45":0.9640625119,"46":0.9526785612,"47":0.954241097,"48":0.9580357075,"49":0.9651785493},"val_sensitivity":{"0":0.9185267687,"1":0.9379464388,"2":0.9111607075,"3":0.9549106956,"4":0.9361607432,"5":0.9544642568,"6":0.9435268044,"7":0.9533482194,"8":0.9361607432,"9":0.9629464149,"10":0.9529017806,"11":0.9491071701,"12":0.9468749762,"13":0.9649553299,"14":0.9377232194,"15":0.9582589269,"16":0.9477678537,"17":0.9185267687,"18":0.9397321343,"19":0.9495535493,"20":0.9604910612,"21":0.9564732313,"22":0.9564732313,"23":0.9459821582,"24":0.9540178776,"25":0.9535714388,"26":0.9426339269,"27":0.9616071582,"28":0.9629464149,"29":0.959821403,"30":0.9595982432,"31":0.9575892687,"32":0.9587053657,"33":0.9517857432,"34":0.9488839507,"35":0.9618303776,"36":0.9600446224,"37":0.9314731956,"38":0.9633928537,"39":0.9665178657,"40":0.9379464388,"41":0.9437500238,"42":0.9600446224,"43":0.9654017687,"44":0.9642857313,"45":0.9640625119,"46":0.9524553418,"47":0.954241097,"48":0.9580357075,"49":0.9649553299},"val_specificity":{"0":0.9645089507,"1":0.9702008963,"2":0.9572544694,"3":0.9779017568,"4":0.9688615799,"5":0.977678597,"6":0.9719865918,"7":0.9770089388,"8":0.9685267806,"9":0.9818080068,"10":0.9765625,"11":0.9748883843,"12":0.973772347,"13":0.9825893044,"14":0.9690847993,"15":0.9792410731,"16":0.9738839269,"17":0.9597098231,"18":0.9700892568,"19":0.975446403,"20":0.9803571701,"21":0.9783481956,"22":0.9786830544,"23":0.9732142687,"24":0.9773437381,"25":0.9771205187,"26":0.971540153,"27":0.9810267687,"28":0.9816964269,"29":0.9800223112,"30":0.98046875,"31":0.9787946343,"32":0.9794642925,"33":0.9763392806,"34":0.9746651649,"35":0.9810267687,"36":0.9801339507,"37":0.9660714269,"38":0.9816964269,"39":0.9834821224,"40":0.9703124762,"41":0.9724330306,"42":0.9802455306,"43":0.9828125238,"44":0.9825893044,"45":0.9821428657,"46":0.9765625,"47":0.9773437381,"48":0.9791294932,"49":0.9825893044}}