{"loss":{"0":0.2720131278},"accuracy":{"0":0.9006080627},"sensitivity":{"0":0.8892071843},"specificity":{"0":0.9569983482},"val_loss":{"0":0.3101141453},"val_accuracy":{"0":0.8937265873},"val_sensitivity":{"0":0.889513135},"val_specificity":{"0":0.9497893453}}