{"loss":{"0":0.2677678168},"accuracy":{"0":0.8999064565},"sensitivity":{"0":0.8910196424},"specificity":{"0":0.9567060471},"val_loss":{"0":0.152680546},"val_accuracy":{"0":0.9459269643},"val_sensitivity":{"0":0.9452247024},"val_specificity":{"0":0.9740168452}}