{"loss":{"0":0.256719172},"accuracy":{"0":0.905343771},"sensitivity":{"0":0.8941767812},"specificity":{"0":0.9593662024},"val_loss":{"0":0.2401728481},"val_accuracy":{"0":0.9176030159},"val_sensitivity":{"0":0.9145599008},"val_specificity":{"0":0.9606741667}}