{"loss":{"0":0.2563669086,"1":0.1057241261,"2":0.0658452213,"3":0.0520540364,"4":0.0350741073,"5":0.0330276415,"6":0.0282695293,"7":0.0225025583,"8":0.029759936,"9":0.0181395635,"10":0.0205732845,"11":0.0138745336,"12":0.0261768457,"13":0.0102191586,"14":0.0138149345,"15":0.0162640866,"16":0.0112650497,"17":0.0119655775,"18":0.0178844631,"19":0.0109841051,"20":0.009330146,"21":0.0131735159,"22":0.0156566724,"23":0.0043146359,"24":0.008819825,"25":0.0116497241,"26":0.0054327007,"27":0.0119882906,"28":0.0161679145,"29":0.0052085235,"30":0.002053211,"31":0.0143395634,"32":0.0115047265,"33":0.0045908936,"34":0.0045862501,"35":0.0078537436,"36":0.0031275963,"37":0.0174140967,"38":0.0027467085,"39":0.0025965739,"40":0.01097483,"41":0.0029401723,"42":0.0070747109,"43":0.0082113855,"44":0.0063142255,"45":0.0069001927,"46":0.0057775518,"47":0.0035945834,"48":0.0044849585,"49":0.0088014221},"accuracy":{"0":0.9019461274,"1":0.9609531164,"2":0.9763597846,"3":0.9820982814,"4":0.9875249267,"5":0.9876496792,"6":0.9902694821,"7":0.9922654629,"8":0.9901447296,"9":0.9943238497,"10":0.9928892255,"11":0.9946981072,"12":0.9906437397,"13":0.9965693355,"14":0.9952594638,"15":0.9943862557,"16":0.9966317415,"17":0.9961327314,"18":0.9938248396,"19":0.996756494,"20":0.9968812466,"21":0.9955713749,"22":0.9951971173,"23":0.9986277223,"24":0.9971930981,"25":0.9958208799,"26":0.9981287718,"27":0.9961951375,"28":0.9950099587,"29":0.9982534647,"30":0.9995009899,"31":0.9950099587,"32":0.9966317415,"33":0.9983782172,"34":0.9984406233,"35":0.9975673556,"36":0.9988772273,"37":0.9938872457,"38":0.9990019798,"39":0.9991267323,"40":0.9966317415,"41":0.9990019798,"42":0.9979416132,"43":0.9978168607,"44":0.9977545142,"45":0.9978168607,"46":0.9982534647,"47":0.9985029697,"48":0.9985653758,"49":0.9968812466},"sensitivity":{"0":0.8908433318,"1":0.9602669477,"2":0.9760479331,"3":0.9815993309,"4":0.9872130752,"5":0.9876496792,"6":0.9902694821,"7":0.9920783639,"8":0.9898328185,"9":0.9941990972,"10":0.9927020669,"11":0.9946981072,"12":0.9905189872,"13":0.9965693355,"14":0.9952594638,"15":0.9943238497,"16":0.9965693355,"17":0.996070385,"18":0.9937624931,"19":0.996756494,"20":0.9968812466,"21":0.9955713749,"22":0.9951971173,"23":0.9986277223,"24":0.9971930981,"25":0.9958208799,"26":0.9981287718,"27":0.9961327314,"28":0.9950099587,"29":0.9982534647,"30":0.9995009899,"31":0.9950099587,"32":0.9965693355,"33":0.9983782172,"34":0.9984406233,"35":0.9975673556,"36":0.9988148808,"37":0.9938872457,"38":0.9990019798,"39":0.9991267323,"40":0.996506989,"41":0.9989396334,"42":0.9979416132,"43":0.9978168607,"44":0.9977545142,"45":0.9978168607,"46":0.9982534647,"47":0.9984406233,"48":0.9985653758,"49":0.9968188405},"specificity":{"0":0.958458066,"1":0.981069088,"2":0.9885229468,"3":0.991173923,"4":0.9938560128,"5":0.9938560128,"6":0.9951659441,"7":0.9961327314,"8":0.9951347113,"9":0.9971930981,"10":0.9964758158,"11":0.9973490238,"12":0.9953218699,"13":0.9983158708,"14":0.9976297617,"15":0.9972243309,"16":0.9983158708,"17":0.9980975389,"18":0.996943593,"19":0.9984717965,"20":0.9984406233,"21":0.9977856874,"22":0.9975985289,"23":0.9993138909,"24":0.998596549,"25":0.9979416132,"26":0.9990955591,"27":0.9980975389,"28":0.9975673556,"29":0.9991267323,"30":0.999750495,"31":0.9975050092,"32":0.9983158708,"33":0.9991891384,"34":0.9992514849,"35":0.9987837076,"36":0.9994386435,"37":0.996943593,"38":0.9995009899,"39":0.999563396,"40":0.9983158708,"41":0.9995009899,"42":0.9990332127,"43":0.9989396334,"44":0.9988772273,"45":0.9989084601,"46":0.9991267323,"47":0.9992514849,"48":0.9992826581,"49":0.9984406233},"val_loss":{"0":0.1597682089,"1":0.1883116066,"2":0.2438077927,"3":0.1917133033,"4":0.1925100237,"5":0.3152888715,"6":0.3605145216,"7":0.1834835559,"8":0.2622312903,"9":0.2799110413,"10":0.1902601868,"11":0.2393901348,"12":0.2120713741,"13":0.2410028428,"14":0.2930679619,"15":0.1478487104,"16":0.1955595464,"17":0.2192025334,"18":0.1893666536,"19":0.1748915762,"20":0.279984951,"21":0.3375853896,"22":0.284301132,"23":0.2437638193,"24":0.2195354104,"25":0.201014325,"26":0.2657729387,"27":0.361795187,"28":0.1936499029,"29":0.1872401386,"30":0.2613253891,"31":0.2511223853,"32":0.1958985627,"33":0.2090156078,"34":0.1975431144,"35":0.1560076922,"36":0.2823727429,"37":0.1759823561,"38":0.2450672537,"39":0.2498357892,"40":0.2027378827,"41":0.2371238619,"42":0.2872979343,"43":0.1855777502,"44":0.3092265427,"45":0.4259651005,"46":0.2786141932,"47":0.2352144122,"48":0.4164972305,"49":0.2422600687},"val_accuracy":{"0":0.9451721311,"1":0.9343188405,"2":0.9305763245,"3":0.954528451,"4":0.9541541934,"5":0.9084954858,"6":0.9154191613,"7":0.9565868378,"8":0.9399326444,"9":0.944049418,"10":0.9569610953,"11":0.9528443217,"12":0.9549027085,"13":0.9595808387,"14":0.9386227727,"15":0.9636976123,"16":0.9575224519,"17":0.9489146471,"18":0.9496631622,"19":0.9607036114,"20":0.9410554171,"21":0.9049401283,"22":0.9401197433,"23":0.9577096105,"24":0.9575224519,"25":0.9646332264,"26":0.9644461274,"27":0.9343188405,"28":0.9605164528,"29":0.9668787718,"30":0.962200582,"31":0.9567739367,"32":0.962013483,"33":0.9663173556,"34":0.9636976123,"35":0.9663173556,"36":0.9547155499,"37":0.9608907104,"38":0.9580838084,"39":0.9668787718,"40":0.9638847113,"41":0.9644461274,"42":0.9431137443,"43":0.9642589688,"44":0.9509730339,"45":0.9382485151,"46":0.9586452246,"47":0.9633233547,"48":0.9247754216,"49":0.9612649679},"val_sensitivity":{"0":0.9410554171,"1":0.9331961274,"2":0.9302020669,"3":0.9543412924,"4":0.9535928369,"5":0.9077470303,"6":0.9146706462,"7":0.9562125802,"8":0.9391841292,"9":0.944049418,"10":0.9562125802,"11":0.9528443217,"12":0.9547155499,"13":0.9595808387,"14":0.9384356141,"15":0.9636976123,"16":0.9573353529,"17":0.9483532906,"18":0.9487275481,"19":0.9605164528,"20":0.9406811595,"21":0.9040045142,"22":0.9397454858,"23":0.9575224519,"24":0.9575224519,"25":0.9646332264,"26":0.9642589688,"27":0.9343188405,"28":0.9605164528,"29":0.9668787718,"30":0.9614520669,"31":0.9567739367,"32":0.9616392255,"33":0.9663173556,"34":0.9636976123,"35":0.9661302567,"36":0.954528451,"37":0.9608907104,"38":0.9575224519,"39":0.9668787718,"40":0.9638847113,"41":0.9644461274,"42":0.9425523877,"43":0.9640718699,"44":0.9509730339,"45":0.9380613565,"46":0.9586452246,"47":0.9631362557,"48":0.9245883226,"49":0.9610778689},"val_specificity":{"0":0.974083066,"1":0.9676272273,"2":0.9656624198,"3":0.9775449038,"4":0.9773578048,"5":0.9543412924,"6":0.9578031301,"7":0.9785740972,"8":0.9702470303,"9":0.9720246792,"10":0.9786676764,"11":0.9764221311,"12":0.977638483,"13":0.9797903895,"14":0.9693113565,"15":0.9820359349,"16":0.9787612557,"17":0.9748315811,"18":0.9751122594,"19":0.9803518057,"20":0.9706212282,"21":0.9528443217,"22":0.970153451,"23":0.9789483547,"24":0.9787612557,"25":0.9824101925,"26":0.9822230339,"27":0.9674401283,"28":0.9802582264,"29":0.9834393859,"30":0.9813809991,"31":0.9784805179,"32":0.9810067415,"33":0.9832522273,"34":0.9819423556,"35":0.9833458066,"36":0.9773578048,"37":0.9805389047,"38":0.9791354537,"39":0.9837200642,"40":0.9820359349,"41":0.9823166132,"42":0.9715569019,"43":0.9821295142,"44":0.975486517,"45":0.9692178369,"46":0.9793226123,"47":0.9816616774,"48":0.9626684189,"49":0.9808195829}}