{"loss":{"0":0.2561452091,"1":0.1014140695,"2":0.0649727508,"3":0.0452563055,"4":0.0346327089,"5":0.033678446,"6":0.0281804856,"7":0.0195059665,"8":0.0213077888,"9":0.0197887458,"10":0.019350959,"11":0.0181276295,"12":0.0136539415,"13":0.0174465757,"14":0.0152874282,"15":0.010625843,"16":0.0048109903,"17":0.019959487,"18":0.0163303874,"19":0.0104680415,"20":0.0074070119,"21":0.0137777757,"22":0.0117835896,"23":0.0042063114,"24":0.0132598076,"25":0.0076119993,"26":0.0133230817,"27":0.0057815011,"28":0.0100318212,"29":0.0033161696,"30":0.0062936093,"31":0.0087274332,"32":0.012232691,"33":0.0067922412,"34":0.0052730697,"35":0.0085369814,"36":0.0103366198,"37":0.0084992368,"38":0.0019863013,"39":0.006587015,"40":0.0034280617,"41":0.0066479463,"42":0.0074506341,"43":0.0056031705,"44":0.0032776759,"45":0.0073593515,"46":0.0090774531,"47":0.0028816212,"48":0.0040813917,"49":0.0035705906},"accuracy":{"0":0.9034430981,"1":0.9641966224,"2":0.9773578048,"3":0.9839695692,"4":0.9883358479,"5":0.9875873327,"6":0.9902070761,"7":0.9926397204,"8":0.9929515719,"9":0.9926397204,"10":0.9928892255,"11":0.9938872457,"12":0.9954466224,"13":0.9940119982,"14":0.9947604537,"15":0.996756494,"16":0.9982534647,"17":0.993201077,"18":0.9943862557,"19":0.9964445829,"20":0.9973802567,"21":0.9958208799,"22":0.9957584739,"23":0.9988148808,"24":0.9953842163,"25":0.9971930981,"26":0.9959456325,"27":0.9981287718,"28":0.996943593,"29":0.9988148808,"30":0.9981287718,"31":0.996694088,"32":0.9958208799,"33":0.9978792667,"34":0.9983782172,"35":0.9970059991,"36":0.996756494,"37":0.9974426031,"38":0.9993138909,"39":0.9977545142,"40":0.9987524748,"41":0.9978168607,"42":0.9979416132,"43":0.9979416132,"44":0.9988772273,"45":0.9977545142,"46":0.9971307516,"47":0.9990019798,"48":0.9985653758,"49":0.9990643859},"sensitivity":{"0":0.8879116774,"1":0.9633233547,"2":0.9767340422,"3":0.9838448167,"4":0.9881486893,"5":0.9875249267,"6":0.989957571,"7":0.992577374,"8":0.9928892255,"9":0.9925149679,"10":0.992764473,"11":0.9938872457,"12":0.9954466224,"13":0.9939495921,"14":0.9947604537,"15":0.996756494,"16":0.9982534647,"17":0.9931387305,"18":0.9943238497,"19":0.9963822365,"20":0.9973802567,"21":0.9957584739,"22":0.9957584739,"23":0.9988148808,"24":0.9953842163,"25":0.9971930981,"26":0.9959456325,"27":0.9981287718,"28":0.996943593,"29":0.9988148808,"30":0.9981287718,"31":0.996694088,"32":0.9958208799,"33":0.9978168607,"34":0.9983782172,"35":0.9970059991,"36":0.996694088,"37":0.9974426031,"38":0.9993138909,"39":0.9977545142,"40":0.9987524748,"41":0.9978168607,"42":0.9979416132,"43":0.9979416132,"44":0.9988772273,"45":0.9977545142,"46":0.9970683455,"47":0.9990019798,"48":0.9985653758,"49":0.9990643859},"specificity":{"0":0.9608907104,"1":0.9827844501,"2":0.9888348579,"3":0.9921407104,"4":0.9941679239,"5":0.9938248396,"6":0.9951971173,"7":0.9964134097,"8":0.9964758158,"9":0.99631989,"10":0.996506989,"11":0.9969748259,"12":0.9977232814,"13":0.9970683455,"14":0.9973802567,"15":0.9983782172,"16":0.9991267323,"17":0.9966629148,"18":0.9971930981,"19":0.9982534647,"20":0.9987213016,"21":0.9979416132,"22":0.99791044,"23":0.9994074106,"24":0.9977232814,"25":0.9986589551,"26":0.9980040193,"27":0.9990643859,"28":0.9985029697,"29":0.9994074106,"30":0.9990643859,"31":0.998347044,"32":0.9979416132,"33":0.9989708066,"34":0.9991891384,"35":0.9985029697,"36":0.9984406233,"37":0.9987524748,"38":0.9996569157,"39":0.9988772273,"40":0.9993762374,"41":0.9989084601,"42":0.9989708066,"43":0.9989708066,"44":0.9994386435,"45":0.9989084601,"46":0.9985653758,"47":0.9995009899,"48":0.9992826581,"49":0.9995321631},"val_loss":{"0":0.1428898424,"1":0.428414911,"2":0.265383333,"3":0.3826083839,"4":0.2430211157,"5":0.242496863,"6":0.287024349,"7":0.2964071333,"8":0.2213869393,"9":0.2139172107,"10":0.2608682513,"11":0.2441758513,"12":0.2513819337,"13":0.1981446445,"14":0.2826874554,"15":0.2398110628,"16":0.2223237306,"17":0.2977484167,"18":0.3553453386,"19":0.1961633116,"20":0.3146394491,"21":0.3443376422,"22":0.1990504712,"23":0.2194278091,"24":0.2210715562,"25":0.233894214,"26":0.2567151189,"27":0.2226478457,"28":0.2034172863,"29":0.2480553538,"30":0.2012060285,"31":0.247823745,"32":0.2386288196,"33":0.2484952509,"34":0.2839512229,"35":0.2139523923,"36":0.3229818642,"37":0.203860715,"38":0.2254426926,"39":0.2475144416,"40":0.2689836323,"41":0.2285517007,"42":0.1972487718,"43":0.2021533996,"44":0.3972772956,"45":0.2500898242,"46":0.2574763894,"47":0.3130651116,"48":0.2340056598,"49":0.2725257277},"val_accuracy":{"0":0.947791934,"1":0.874812901,"2":0.9219685793,"3":0.8955838084,"4":0.9378742576,"5":0.9427395463,"6":0.9341317415,"7":0.9339445829,"8":0.9453592896,"9":0.944236517,"10":0.947979033,"11":0.9502245784,"12":0.9451721311,"13":0.9470434189,"14":0.9384356141,"15":0.9550898075,"16":0.9580838084,"17":0.9300149679,"18":0.9281437397,"19":0.9608907104,"20":0.9459206462,"21":0.9408682585,"22":0.9580838084,"23":0.9539670944,"24":0.947791934,"25":0.9558383226,"26":0.9534056783,"27":0.9556512237,"28":0.9571481943,"29":0.9575224519,"30":0.9593937397,"31":0.958458066,"32":0.9481661916,"33":0.9569610953,"34":0.9470434189,"35":0.9502245784,"36":0.9487275481,"37":0.9651945829,"38":0.9640718699,"39":0.9515344501,"40":0.958458066,"41":0.9556512237,"42":0.9578967094,"43":0.9651945829,"44":0.9395583868,"45":0.9590194821,"46":0.9552769661,"47":0.9468562603,"48":0.9631362557,"49":0.9505987763},"val_sensitivity":{"0":0.9453592896,"1":0.8735029697,"2":0.9214071631,"3":0.8948353529,"4":0.937687099,"5":0.9427395463,"6":0.9341317415,"7":0.933570385,"8":0.9449850321,"9":0.944049418,"10":0.9476047754,"11":0.9502245784,"12":0.9451721311,"13":0.9468562603,"14":0.9380613565,"15":0.9550898075,"16":0.9580838084,"17":0.9290793538,"18":0.927208066,"19":0.9608907104,"20":0.9455463886,"21":0.9397454858,"22":0.9578967094,"23":0.9534056783,"24":0.947791934,"25":0.9554640651,"26":0.9534056783,"27":0.9556512237,"28":0.9571481943,"29":0.9573353529,"30":0.9593937397,"31":0.958270967,"32":0.947791934,"33":0.9565868378,"34":0.9466691613,"35":0.9500374198,"36":0.9487275481,"37":0.965007484,"38":0.9638847113,"39":0.9513472915,"40":0.958270967,"41":0.9556512237,"42":0.9578967094,"43":0.9651945829,"44":0.9393712282,"45":0.9590194821,"46":0.9552769661,"47":0.9462949038,"48":0.9631362557,"49":0.9505987763},"val_specificity":{"0":0.9746444821,"1":0.9386227727,"2":0.9619199038,"3":0.9485403895,"4":0.9692178369,"5":0.9717440009,"6":0.9671594501,"7":0.9675337076,"8":0.9727731943,"9":0.9722118378,"10":0.9742702246,"11":0.9751122594,"12":0.972679615,"13":0.9735217094,"14":0.9694985151,"15":0.977638483,"16":0.979041934,"17":0.9654753208,"18":0.9642589688,"19":0.980445385,"20":0.9730538726,"21":0.9706212282,"22":0.9794161916,"23":0.9773578048,"24":0.974083066,"25":0.9781062603,"26":0.9767028689,"27":0.9779191613,"28":0.9787612557,"29":0.9787612557,"30":0.9798839688,"31":0.979229033,"32":0.9742702246,"33":0.9787612557,"34":0.9736152887,"35":0.9755800962,"36":0.9750187397,"37":0.9825972915,"38":0.9820359349,"39":0.9760479331,"40":0.9795097113,"41":0.9779191613,"42":0.979229033,"43":0.9826908708,"44":0.9698727727,"45":0.9795097113,"46":0.9777320623,"47":0.9735217094,"48":0.9815680981,"49":0.9753929377}}