{"loss":{"0":0.2599462867,"1":0.1264858544,"2":0.0797965378,"3":0.0597462133,"4":0.0443297103,"5":0.0413508415,"6":0.0349886864,"7":0.0270700064,"8":0.0252311304,"9":0.0238450114,"10":0.0255076569,"11":0.016167216,"12":0.0246060733,"13":0.0141431093,"14":0.0200073384,"15":0.0150230573,"16":0.0170892831,"17":0.0128146363,"18":0.0103981998,"19":0.0178079754,"20":0.0091451015,"21":0.0087121688,"22":0.0154995322,"23":0.0108161271,"24":0.0122566773,"25":0.0067089805,"26":0.0123278713,"27":0.0091186427,"28":0.0080628498,"29":0.0136749828,"30":0.0053785909,"31":0.0097517641,"32":0.0096246386,"33":0.0056010722,"34":0.0070881336,"35":0.0107953595,"36":0.0040116096,"37":0.011192956,"38":0.0077228509,"39":0.0042839344,"40":0.0071956762,"41":0.0051670056,"42":0.0069610667,"43":0.0096662631,"44":0.0062373965,"45":0.0054281941,"46":0.0077553061,"47":0.0051471349,"48":0.0052625411,"49":0.0117304474,"50":0.0033660398,"51":0.0051619164,"52":0.004934038,"53":0.0086625014,"54":0.0049543204,"55":0.0052804695,"56":0.0052249697,"57":0.0055591743,"58":0.0044528353,"59":0.0043304875,"60":0.0044767167,"61":0.0056773601,"62":0.0067092516,"63":0.0027400679,"64":0.0054626404,"65":0.0031755948,"66":0.0028212056,"67":0.0072415201,"68":0.0035109147,"69":0.0034130481,"70":0.0051576318,"71":0.0005302033,"72":0.0090943957,"73":0.0032388738,"74":0.005018556,"75":0.0010333993,"76":0.0064708763,"77":0.0047161262,"78":0.0015348877,"79":0.0064789797,"80":0.0042842198,"81":0.0050102756,"82":0.0014081609,"83":0.0001885601,"84":0.0105475159,"85":0.0015726679,"86":0.008268836,"87":0.0020478161,"88":0.0001198859,"89":0.0000205436,"90":0.0000071342,"91":0.0000044582,"92":0.0000021999,"93":0.000001448,"94":0.0000006829,"95":0.0000004599,"96":0.0000002173,"97":0.0000001498,"98":0.0000000717,"99":0.0000000495},"accuracy":{"0":0.9046421647,"1":0.9533442259,"2":0.9730472565,"3":0.9790692329,"4":0.9844480753,"5":0.9855589271,"6":0.9870790243,"7":0.991171658,"8":0.9921655655,"9":0.9915224314,"10":0.9918147922,"11":0.9945626855,"12":0.9916393757,"13":0.9960243106,"14":0.9936272502,"15":0.9950304031,"16":0.9945626855,"17":0.9957904816,"18":0.9965505004,"19":0.9937441349,"20":0.9968428612,"21":0.9971936345,"22":0.9944457412,"23":0.9967259169,"24":0.9959073663,"25":0.9985383749,"26":0.9955565929,"27":0.996784389,"28":0.9971936345,"29":0.9956150651,"30":0.9980121851,"31":0.996784389,"32":0.997369051,"33":0.9984214306,"34":0.9976613522,"35":0.9964920282,"36":0.9989476204,"37":0.9963751435,"38":0.9978367686,"39":0.9988306761,"40":0.9977782965,"41":0.9983629584,"42":0.9980705976,"43":0.9966089725,"44":0.9980121851,"45":0.998187542,"46":0.9972521067,"47":0.99760288,"48":0.9980705976,"49":0.996784389,"50":0.9987137318,"51":0.9983629584,"52":0.9985968471,"53":0.9971351624,"54":0.9985968471,"55":0.9982460141,"56":0.9980705976,"57":0.9982460141,"58":0.9983044863,"59":0.9986552596,"60":0.9987722039,"61":0.9982460141,"62":0.9975444078,"63":0.9990060925,"64":0.9983044863,"65":0.9987722039,"66":0.9991814494,"67":0.9977198243,"68":0.9988891482,"69":0.9989476204,"70":0.9984214306,"71":0.9998830557,"72":0.99760288,"73":0.9990060925,"74":0.9987137318,"75":0.9997076988,"76":0.9984214306,"77":0.9985968471,"78":0.999415338,"79":0.9977198243,"80":0.9983629584,"81":0.9980121851,"82":0.9993568659,"83":1.0,"84":0.9968428612,"85":0.999415338,"86":0.9975444078,"87":0.9993568659,"88":1.0,"89":1.0,"90":1.0,"91":1.0,"92":1.0,"93":1.0,"94":1.0,"95":1.0,"96":1.0,"97":1.0,"98":1.0,"99":1.0},"sensitivity":{"0":0.8917797208,"1":0.9519995451,"2":0.9723456502,"3":0.9784260988,"4":0.9843896031,"5":0.985325098,"6":0.9868451953,"7":0.9910547137,"8":0.9918732643,"9":0.9913470745,"10":0.99175632,"11":0.9945626855,"12":0.9915809035,"13":0.9960243106,"14":0.993568778,"15":0.9950304031,"16":0.9945042133,"17":0.9957904816,"18":0.9965505004,"19":0.9936272502,"20":0.996784389,"21":0.9971351624,"22":0.994387269,"23":0.9967259169,"24":0.9959073663,"25":0.9984799027,"26":0.9955565929,"27":0.996784389,"28":0.9971936345,"29":0.9956150651,"30":0.9980121851,"31":0.9967259169,"32":0.997369051,"33":0.9984214306,"34":0.9976613522,"35":0.9964920282,"36":0.9988891482,"37":0.9963751435,"38":0.9978367686,"39":0.9988306761,"40":0.9977198243,"41":0.9983629584,"42":0.9980705976,"43":0.9966089725,"44":0.9980121851,"45":0.998187542,"46":0.9972521067,"47":0.99760288,"48":0.9980705976,"49":0.9966674447,"50":0.9987137318,"51":0.9983629584,"52":0.9985968471,"53":0.9971351624,"54":0.9985968471,"55":0.9982460141,"56":0.9980705976,"57":0.9982460141,"58":0.9983044863,"59":0.9986552596,"60":0.9987722039,"61":0.998187542,"62":0.9975444078,"63":0.9990060925,"64":0.9983044863,"65":0.9987722039,"66":0.9991814494,"67":0.9977198243,"68":0.9988891482,"69":0.9989476204,"70":0.9984214306,"71":0.9998830557,"72":0.9974859953,"73":0.9990060925,"74":0.9987137318,"75":0.9997076988,"76":0.9984214306,"77":0.9985968471,"78":0.999415338,"79":0.9977198243,"80":0.9983629584,"81":0.9980121851,"82":0.9993568659,"83":1.0,"84":0.996784389,"85":0.999415338,"86":0.9974859953,"87":0.9993568659,"88":1.0,"89":1.0,"90":1.0,"91":1.0,"92":1.0,"93":1.0,"94":1.0,"95":1.0,"96":1.0,"97":1.0,"98":1.0,"99":1.0},"specificity":{"0":0.959015429,"1":0.9776952863,"2":0.9867574573,"3":0.9897977114,"4":0.9923701882,"5":0.992896378,"6":0.9937734008,"7":0.9955857992,"8":0.9960827827,"9":0.9958489537,"10":0.9959951043,"11":0.9972813129,"12":0.99587816,"13":0.9980121851,"14":0.9968135953,"15":0.9975152016,"16":0.9973397851,"17":0.9979244471,"18":0.99827528,"19":0.9969013333,"20":0.9984214306,"21":0.9985968471,"22":0.9972521067,"23":0.9983629584,"24":0.9979829192,"25":0.9992691875,"26":0.9978952408,"27":0.9983921647,"28":0.9986260533,"29":0.9978367686,"30":0.9990352988,"31":0.9984214306,"32":0.9987137318,"33":0.9992107153,"34":0.9988306761,"35":0.99827528,"36":0.9994738102,"37":0.998187542,"38":0.9989476204,"39":0.9994446039,"40":0.9989183545,"41":0.9991814494,"42":0.9990352988,"43":0.9983044863,"44":0.9990352988,"45":0.999093771,"46":0.9986260533,"47":0.9988014698,"48":0.9990352988,"49":0.9984506369,"50":0.9993568659,"51":0.9991814494,"52":0.9992983937,"53":0.9985675812,"54":0.9993276596,"55":0.9991230369,"56":0.9990352988,"57":0.9991230369,"58":0.9991522431,"59":0.9993276596,"60":0.9993861318,"61":0.9991230369,"62":0.9987722039,"63":0.9995030165,"64":0.9991522431,"65":0.9993861318,"66":0.9995907545,"67":0.998859942,"68":0.9994446039,"69":0.9994738102,"70":0.9992107153,"71":0.9999415278,"72":0.9988014698,"73":0.9995030165,"74":0.9993568659,"75":0.9998538494,"76":0.9992107153,"77":0.9992983937,"78":0.9997076988,"79":0.998859942,"80":0.9991814494,"81":0.9990060925,"82":0.9996784329,"83":1.0,"84":0.9984214306,"85":0.9997076988,"86":0.9988014698,"87":0.9996784329,"88":1.0,"89":1.0,"90":1.0,"91":1.0,"92":1.0,"93":1.0,"94":1.0,"95":1.0,"96":1.0,"97":1.0,"98":1.0,"99":1.0},"val_loss":{"0":0.2077250183,"1":0.2268322557,"2":0.1796236485,"3":0.2243724167,"4":0.4080009758,"5":0.2845792472,"6":0.2900138497,"7":0.1788057685,"8":0.1852369905,"9":0.6001027226,"10":0.2447496951,"11":0.2496314496,"12":0.2795646191,"13":0.2314444482,"14":0.2582785487,"15":0.2125138938,"16":0.2724695802,"17":0.2510618865,"18":0.2423371971,"19":0.2217098325,"20":0.2250258178,"21":0.4653950334,"22":0.2499901354,"23":0.2419412434,"24":0.2879908085,"25":0.285820663,"26":0.4034566879,"27":0.2505062819,"28":0.2429682463,"29":0.2527599037,"30":0.3514449596,"31":0.5043739676,"32":0.2650103569,"33":0.2968049943,"34":0.2564493418,"35":0.238457799,"36":0.6004090905,"37":0.2038951516,"38":0.2573180795,"39":0.2539671063,"40":0.243044883,"41":0.2790569663,"42":0.2576389611,"43":0.2329734713,"44":0.2605780065,"45":0.2467919737,"46":0.3341962695,"47":0.2976348102,"48":0.3564327061,"49":0.244063586,"50":0.342422694,"51":0.2815823853,"52":0.2746262848,"53":0.2825776339,"54":0.260186106,"55":0.2548866868,"56":0.2389324456,"57":0.2665160596,"58":0.2500492632,"59":0.2580066919,"60":0.4091110528,"61":0.2902613878,"62":0.3905846775,"63":0.3017494678,"64":0.3659103811,