{"loss":{"0":0.7823593616},"accuracy":{"0":0.6242758632},"sensitivity":{"0":0.452038765},"specificity":{"0":0.9342691898},"val_loss":{"0":0.3888651431},"val_accuracy":{"0":0.844918251},"val_sensitivity":{"0":0.8332359791},"val_specificity":{"0":0.9322429895}}