{"loss":{"0":1.0819580555,"1":0.9609138966,"2":0.4427295625,"3":0.3554694355,"4":0.3173912764,"5":0.2926911116,"6":0.2270996273,"7":0.1842061132,"8":0.1639711857,"9":0.1477578282,"10":0.1362940222,"11":0.1190892309,"12":0.11499203,"13":0.1028143466,"14":0.0971762091,"15":0.0863384679,"16":0.078231588,"17":0.0720886514,"18":0.0594860502,"19":0.0614664294,"20":0.0558136776,"21":0.0476758927,"22":0.0408530533,"23":0.0429959781,"24":0.0324762538,"25":0.0362133943,"26":0.0357688852,"27":0.0287423674,"28":0.0236822087,"29":0.0317759924,"30":0.0255920924,"31":0.0233949665,"32":0.0284050424,"33":0.0187073741,"34":0.018562872,"35":0.0311457384,"36":0.0170045886,"37":0.0179625526,"38":0.0254621357,"39":0.0131796869,"40":0.0195190609,"41":0.0196898431,"42":0.0197728239,"43":0.0164280068,"44":0.0212269649,"45":0.0151922749,"46":0.0111743798,"47":0.0196821578,"48":0.0147936698,"49":0.0145960972,"50":0.0111602861,"51":0.0172745343,"52":0.0233281553,"53":0.0102276504,"54":0.0168433711,"55":0.0129094506,"56":0.0164914709,"57":0.0113498727,"58":0.0128071876,"59":0.0155054098,"60":0.0114251757,"61":0.0121268397,"62":0.0157024357,"63":0.0074165375,"64":0.0129760141,"65":0.0101360055,"66":0.0071682911,"67":0.0186938848,"68":0.0162899345,"69":0.0121089937,"70":0.009762886,"71":0.0116928918,"72":0.0081139551,"73":0.0074430099,"74":0.0146449795,"75":0.0096635278,"76":0.0129004819,"77":0.0108750481,"78":0.0089280447,"79":0.0117151672,"80":0.0089345798,"81":0.014630585,"82":0.0059468476,"83":0.0111160278,"84":0.010709201,"85":0.0114618568,"86":0.0053262967,"87":0.0123496726,"88":0.0121566085,"89":0.012489317,"90":0.0088458043,"91":0.0086379303,"92":0.0113525977,"93":0.0107754692,"94":0.0141393179,"95":0.0101192696,"96":0.0105746705,"97":0.0071977125,"98":0.0131966388,"99":0.0097469194},"accuracy":{"0":0.3958890438,"1":0.5126448274,"2":0.8207998872,"3":0.8580659628,"4":0.8728832603,"5":0.8825200796,"6":0.9120989442,"7":0.9331550598,"8":0.9426804781,"9":0.9465797544,"10":0.9507575631,"11":0.9574420452,"12":0.96011585,"13":0.9641265869,"14":0.9673573971,"15":0.9696412683,"16":0.9735405445,"17":0.9745989442,"18":0.9793894887,"19":0.9776069522,"20":0.9814505577,"21":0.9831216335,"22":0.9857397676,"23":0.9846256971,"24":0.9885806441,"25":0.9870766401,"26":0.9876893759,"27":0.9906417131,"28":0.9914215803,"29":0.9891933799,"30":0.9911987782,"31":0.9920343161,"32":0.990418911,"33":0.9936497211,"34":0.9934826493,"35":0.9901403785,"36":0.9950980544,"37":0.9937611222,"38":0.9919785857,"39":0.9952651262,"40":0.9932041168,"41":0.9938725233,"42":0.9940953851,"43":0.994930923,"44":0.9935940504,"45":0.9944295883,"46":0.9968248606,"47":0.9938168526,"48":0.9952094555,"49":0.9955993891,"50":0.996434927,"51":0.9945967197,"52":0.9938168526,"53":0.9967691898,"54":0.9944295883,"55":0.9961563945,"56":0.9947081208,"57":0.9959335923,"58":0.9961563945,"59":0.9959335923,"60":0.9960449934,"61":0.9963235259,"62":0.9952094555,"63":0.9980503321,"64":0.9962677956,"65":0.9973261952,"66":0.9978832603,"67":0.993983984,"68":0.9947637916,"69":0.996434927,"70":0.9967134595,"71":0.9967134595,"72":0.9974933267,"73":0.9972147942,"74":0.9955436587,"75":0.9967691898,"76":0.9960449934,"77":0.9965463281,"78":0.9972705245,"79":0.9958221912,"80":0.9970476627,"81":0.9961007237,"82":0.9981617928,"83":0.9964906573,"84":0.9966577291,"85":0.9964906573,"86":0.9983288646,"87":0.9961563945,"88":0.9967134595,"89":0.9966020584,"90":0.9973819256,"91":0.9976603985,"92":0.9966577291,"93":0.9967691898,"94":0.9967134595,"95":0.9975489974,"96":0.9968248606,"97":0.9974933267,"98":0.9961007237,"99":0.9977161288},"sensitivity":{"0":0.0128676472,"1":0.2197526693,"2":0.8037544489,"3":0.8504902124,"4":0.8681483865,"5":0.8783979416,"6":0.9099822044,"7":0.9313168526,"8":0.9421791434,"9":0.9455214143,"10":0.9500334263,"11":0.9570521116,"12":0.9598930478,"13":0.9637923241,"14":0.9669117928,"15":0.9693627357,"16":0.9733177423,"17":0.9744875431,"18":0.9791666865,"19":0.97738415,"20":0.981339097,"21":0.9831216335,"22":0.9855169058,"23":0.9845699668,"24":0.9885249734,"25":0.9870209694,"26":0.9876893759,"27":0.9905859828,"28":0.9914215803,"29":0.9891377091,"30":0.9911430478,"31":0.9919785857,"32":0.9903075099,"33":0.9936497211,"34":0.993426919,"35":0.9901403785,"36":0.9950980544,"37":0.9937054515,"38":0.991922915,"39":0.9952651262,"40":0.9931483865,"41":0.9938168526,"42":0.9940396547,"43":0.994930923,"44":0.9934826493,"45":0.9944295883,"46":0.9967691898,"47":0.9938168526,"48":0.9951537251,"49":0.9955993891,"50":0.996434927,"51":0.9945409894,"52":0.9938168526,"53":0.9967691898,"54":0.9944295883,"55":0.9961007237,"56":0.9946523905,"57":0.9959335923,"58":0.9961563945,"59":0.9958779216,"60":0.9959893227,"61":0.9962677956,"62":0.9950980544,"63":0.9980503321,"64":0.9962677956,"65":0.9973261952,"66":0.9978832603,"67":0.9938725233,"68":0.9947081208,"69":0.996434927,"70":0.9966577291,"71":0.9967134595,"72":0.9974933267,"73":0.9972147942,"74":0.9953765869,"75":0.9967691898,"76":0.9960449934,"77":0.9965463281,"78":0.9972705245,"79":0.9958221912,"80":0.996991992,"81":0.9960449934,"82":0.9981617928,"83":0.9964906573,"84":0.9966577291,"85":0.9964906573,"86":0.9983288646,"87":0.9961007237,"88":0.9966577291,"89":0.9966020584,"90":0.9973819256,"91":0.9976603985,"92":0.9964906573,"93":0.9967134595,"94":0.9967134595,"95":0.9975489974,"96":0.9967134595,"97":0.9974933267,"98":0.9961007237,"99":0.9976603985},"specificity":{"0":0.9916443825,"1":0.9590296149,"2":0.920788765,"3":0.9336007237,"4":0.9390875697,"5":0.9435717463,"6":0.9570800066,"7":0.9675245285,"8":0.9722036719,"9":0.9735683799,"10":0.9756016135,"11":0.9789438248,"12":0.9803643227,"13":0.9822860956,"14":0.983817935,"15":0.9849599004,"16":0.9868816733,"17":0.987410903,"18":0.9897782803,"19":0.9888313413,"20":0.9907252789,"21":0.9916722178,"22":0.9928977489,"23":0.9923685193,"24":0.9942903519,"25":0.9935661554,"26":0.9938446879,"27":0.9953486919,"28":0.9957107902,"29":0.9945967197,"30":0.9956550598,"31":0.9961007237,"32":0.9952372909,"33":0.9968248606,"34":0.9968526959,"35":0.9951258898,"36":0.9975768924,"37":0.9969084263,"38":0.9959893227,"39":0.9976325631,"40":0.9966298938,"41":0.996964097,"42":0.9970476627,"43":0.9974654913,"44":0.9967970252,"45":0.9972705245,"46":0.9984124303,"47":0.9969362617,"48":0.9976325631,"49":0.9977996945,"50":0.9982174635,"51":0.9973261952,"52":0.9970198274,"53":0.9984124303,"54":0.9972705245,"55":0.998078227,"56":0.9973540306,"57":0.997966826,"58":0.998078227,"59":0.997966826,"60":0.9980224967,"61":0.9981617928,"62":0.9976047277,"63":0.999025166,"64":0.9981617928,"65":0.9986631274,"66":0.9989416003,"67":0.9970476627,"68":0.9973819256,"69":0.9982174635,"70":0.9983845949,"71":0.9983845949,"72":0.9987466335,"73":0.9986073971,"74":0.9977996945,"75":0.9983845949,"76":0.9980224967,"77":0.9982731938,"78":0.9986352324,"79":0.997938931,"80":0.9985516667,"81":0.9980503321,"82":0.9990808964,"83":0.9982452989,"84":0.9983566999,"85":0.9982452989,"86":0.9991644621,"87":0.9981060624,"88":0.9984681606,"89":0.9983288646,"90":0.9986909628,"91":0.9988301992,"92":0.9983566999,"93":0.9984124303,"94":0.9983845949,"95":0.9988023639,"96":0.9984402657,"97":0.9987466335,"98":0.9981617928,"99":0.9988580942},"val_loss":{"0":1.1158390045,"1":0.574950695,"2":0.3491033316,"3":0.333620131,"4":0.3124597073,"5":0.3376230896,"6":0.2208519578,"7":0.2035827339,"8":0.20039846,"9":0.192026034,"10":0.1602853835,"11":0.1561194956,"12":0.1423156708,"13":0.228272751,"14":0.2039804012,"15":0.190571025,"16":0.2102514803,"17":0.1958844662,"18":0.1855452359,"19":0.2082449049,"20":0.2061093748,"21":0.2176094949,"22":0.2480745614,"23":0.1959645301,"24":0.266708076,"25":0.2915682793,"26":0.225808382,"27":0.3178391159,"28":0.2754062116,"29":0.3105062544,"30":0.6240905523,"31":0.2110683769,"32":0.2460324615,"33":0.2851666212,"34":0.2703544497,"35":0.3361774087,"36":0.4058776796,"37":0.454360038,"38":0.2920153737,"39":0.4404438734,"40":0.2859953642,"41":0.3670326173,"42":0.2210435569,"43":0.2384230494,"44":0.386801362,"45":0.2997209728,