{"loss":{"0":0.202601552,"1":0.1026889011,"2":0.0775937662,"3":0.0582960509,"4":0.0415390208,"5":0.0312412046,"6":0.0325296558,"7":0.0276602823,"8":0.0224996302,"9":0.0211879127,"10":0.0202595238,"11":0.0199707393,"12":0.0169683602,"13":0.0146265794,"14":0.0162564591,"15":0.0121433269,"16":0.0149084404,"17":0.0159201082,"18":0.0096996035,"19":0.0107214116,"20":0.0121133206,"21":0.0114713609,"22":0.007034807,"23":0.0112506226,"24":0.0118230283,"25":0.0080657816,"26":0.0097129401,"27":0.0072601833,"28":0.008654397,"29":0.0087537551,"30":0.0055447058,"31":0.0091080423,"32":0.0067534638,"33":0.0057620942,"34":0.0092213824,"35":0.0084235901,"36":0.0060549583,"37":0.0072139502,"38":0.0059334273,"39":0.0065496685,"40":0.0054346588,"41":0.0052790819,"42":0.0075938576,"43":0.0053874059,"44":0.0053617135,"45":0.0083124321,"46":0.0046812431,"47":0.003689361,"48":0.0075080553,"49":0.0050256052},"accuracy":{"0":0.9281598926,"1":0.9643854499,"2":0.9740747213,"3":0.9805778861,"4":0.985946238,"5":0.9898743033,"6":0.9883030653,"7":0.9908344746,"8":0.9924493432,"9":0.9930167794,"10":0.9932786226,"11":0.993409574,"12":0.9947625995,"13":0.9952862859,"14":0.9951990247,"15":0.9961155653,"16":0.9955481887,"17":0.9945880175,"18":0.9971630573,"19":0.9964210987,"20":0.9964210987,"21":0.9965520501,"22":0.9978177547,"23":0.9965956807,"24":0.9960719347,"25":0.9975122213,"26":0.9970321059,"27":0.9975558519,"28":0.9972503781,"29":0.9977304339,"30":0.9983415008,"31":0.9973812699,"32":0.9977740645,"33":0.9981669188,"34":0.9972503781,"35":0.9979486465,"36":0.9980359674,"37":0.9979486465,"38":0.9981232285,"39":0.9979923368,"40":0.9979923368,"41":0.9981232285,"42":0.9975122213,"43":0.9984723926,"44":0.9983851314,"45":0.9979486465,"46":0.998428762,"47":0.9989088774,"48":0.9979486465,"49":0.9984723926},"sensitivity":{"0":0.9216131568,"1":0.9633380175,"2":0.9736382961,"3":0.9802723527,"4":0.9856407046,"5":0.9897433519,"6":0.9882158041,"7":0.9908344746,"8":0.9924493432,"9":0.9929294586,"10":0.9931913614,"11":0.9932786226,"12":0.9946752787,"13":0.9952862859,"14":0.9951553941,"15":0.9961155653,"16":0.9955045581,"17":0.9945443273,"18":0.9971194267,"19":0.9963774681,"20":0.9963337779,"21":0.9965520501,"22":0.9977740645,"23":0.9965956807,"24":0.9960719347,"25":0.9975122213,"26":0.9969884753,"27":0.9975122213,"28":0.9972503781,"29":0.9977304339,"30":0.9983415008,"31":0.9973376393,"32":0.9977740645,"33":0.9981669188,"34":0.9972503781,"35":0.9979486465,"36":0.9980359674,"37":0.9979486465,"38":0.9981232285,"39":0.9979486465,"40":0.9979923368,"41":0.9981232285,"42":0.9975122213,"43":0.9984723926,"44":0.9983415008,"45":0.9978613853,"46":0.998428762,"47":0.9989088774,"48":0.9979050159,"49":0.998428762},"specificity":{"0":0.9677679539,"1":0.9826509953,"2":0.9873210788,"3":0.9905508161,"4":0.9931695461,"5":0.9950680733,"6":0.9942606688,"7":0.9955045581,"8":0.9962901473,"9":0.9965083599,"10":0.9967484474,"11":0.9967047572,"12":0.9974467754,"13":0.9976868033,"14":0.9976213574,"15":0.9980577826,"16":0.9977740645,"17":0.9972940087,"18":0.998603344,"19":0.99825418,"20":0.9982105494,"21":0.9982978106,"22":0.9989088774,"23":0.9982978106,"24":0.9980577826,"25":0.998777926,"26":0.9985160828,"27":0.998777926,"28":0.9986251593,"29":0.9988652468,"30":0.9991925359,"31":0.9987124801,"32":0.9989088774,"33":0.9990834594,"34":0.9986469746,"35":0.9989743233,"36":0.9990398288,"37":0.9989961386,"38":0.9990616441,"39":0.9989961386,"40":0.9989961386,"41":0.9990616441,"42":0.9987997413,"43":0.9992362261,"44":0.9991925359,"45":0.9989961386,"46":0.9992362261,"47":0.999476254,"48":0.9989743233,"49":0.9992580414},"val_loss":{"0":0.1710816324,"1":0.7484511733,"2":0.1554865837,"3":0.1583580077,"4":0.2409158498,"5":0.1919819117,"6":0.1928525716,"7":0.2262947559,"8":0.2716382742,"9":0.2253390402,"10":0.1696428508,"11":0.1915785223,"12":0.2902671397,"13":0.23162058,"14":0.1780271977,"15":0.2808722854,"16":0.2138065696,"17":0.1809978336,"18":0.1768159717,"19":0.2799518704,"20":0.2672027051,"21":0.2043343335,"22":0.1981991976,"23":0.462897718,"24":0.2251713425,"25":0.2156992406,"26":0.1988964975,"27":0.2722357213,"28":0.293058455,"29":0.2111608386,"30":0.2601437867,"31":0.7070875168,"32":0.297341615,"33":0.1821136326,"34":0.2090872973,"35":0.1838542968,"36":0.2537814081,"37":0.2132590264,"38":0.1854935884,"39":0.2190817893,"40":0.3208583593,"41":0.2498093545,"42":0.1839196682,"43":0.2659353912,"44":0.1740108132,"45":0.2403352112,"46":0.2130550891,"47":0.2546952665,"48":0.2071986794,"49":0.273363173},"val_accuracy":{"0":0.940420568,"1":0.8016939163,"2":0.9526869059,"3":0.9556074739,"4":0.9448013902,"5":0.9576518536,"6":0.9526869059,"7":0.9494742751,"8":0.9465537667,"9":0.9541472197,"10":0.959988296,"11":0.9541472197,"12":0.9418808222,"13":0.9521027803,"14":0.9521027803,"15":0.9529789686,"16":0.9585280418,"17":0.9617406726,"18":0.9614486098,"19":0.9550233483,"20":0.9632009268,"21":0.9661214948,"22":0.9664135575,"23":0.9205607772,"24":0.9547312856,"25":0.9649532437,"26":0.9623247385,"27":0.9418808222,"28":0.943341136,"29":0.9632009268,"30":0.9611565471,"31":0.9009929895,"32":0.9497663379,"33":0.9632009268,"34":0.9626168013,"35":0.9617406726,"36":0.9582359791,"37":0.9614486098,"38":0.9655373693,"39":0.9646612406,"40":0.959988296,"41":0.9632009268,"42":0.9655373693,"43":0.9632009268,"44":0.9561915994,"45":0.9646612406,"46":0.9623247385,"47":0.9646612406,"48":0.9626168013,"49":0.9614486098},"val_sensitivity":{"0":0.939252317,"1":0.7943925261,"2":0.9515187144,"3":0.9553154111,"4":0.9445093274,"5":0.9576518536,"6":0.9523948431,"7":0.9488902092,"8":0.9459696412,"9":0.9538551569,"10":0.9588201046,"11":0.9541472197,"12":0.9415887594,"13":0.9521027803,"14":0.9503504634,"15":0.9529789686,"16":0.9582359791,"17":0.9617406726,"18":0.9614486098,"19":0.9550233483,"20":0.9632009268,"21":0.9661214948,"22":0.9664135575,"23":0.9199766517,"24":0.9547312856,"25":0.9646612406,"26":0.9623247385,"27":0.9415887594,"28":0.9430490732,"29":0.9632009268,"30":0.9611565471,"31":0.9007009268,"32":0.9497663379,"33":0.9632009268,"34":0.9620327353,"35":0.9614486098,"36":0.9582359791,"37":0.9614486098,"38":0.9655373693,"39":0.9646612406,"40":0.959988296,"41":0.9632009268,"42":0.9655373693,"43":0.9632009268,"44":0.9550233483,"45":0.9646612406,"46":0.9623247385,"47":0.9643691778,"48":0.9626168013,"49":0.9614486098},"val_specificity":{"0":0.9715245366,"1":0.9043516517,"2":0.9770736098,"3":0.9779497385,"4":0.972692728,"5":0.9789719582,"6":0.9763434529,"7":0.9747371674,"8":0.9735689163,"9":0.9770736098,"10":0.9802862406,"11":0.9770736098,"12":0.9710864425,"13":0.9761974216,"14":0.9769275784,"15":0.9766355157,"16":0.9792640209,"17":0.9808703065,"18":0.9808703065,"19":0.977511704,"20":0.9816004634,"21":0.9830607772,"22":0.9833527803,"23":0.9605724216,"24":0.977511704,"25":0.982622683,"26":0.9811623693,"27":0.9709404111,"28":0.9719626307,"29":0.9817464948,"30":0.9807242751,"31":0.9504964948,"32":0.9750292301,"33":0.9816004634,"34":0.981454432,"35":0.9808703065,"36":0.9791179895,"37":0.9807242751,"38":0.9827687144,"39":0.9823306203,"40":0.9799941778,"41":0.9816004634,"42":0.9829147458,"43":0.9816004634,"44":0.978533864,"45":0.9824766517,"46":0.9813084006,"47":0.9823306203,"48":0.9813084006,"49":0.9807242751}}