{"loss":{"0":1.0824649334,"1":1.071364522,"2":1.0769097805,"3":1.0764225721,"4":1.0765548944,"5":1.076395154,"6":1.076399684,"7":1.0764927864,"8":1.0764118433,"9":1.0762162209,"10":1.0763851404,"11":1.0765200853,"12":1.076392293,"13":1.0763779879,"14":1.0762300491,"15":1.0762451887,"16":1.0762914419,"17":1.076169014,"18":1.07622087,"19":1.0763045549,"20":1.0763446093,"21":1.0762685537,"22":1.0762248039,"23":1.0763345957,"24":1.07627213,"25":1.0762687922,"26":1.0764985085,"27":1.0763375759,"28":1.0762355328,"29":1.0764387846,"30":1.0762457848,"31":1.0763392448,"32":1.0762732029,"33":1.0764396191,"34":1.0762970448,"35":1.0763978958,"36":1.0763056278,"37":1.0762938261,"38":1.0763207674,"39":1.076292038,"40":1.0763801336,"41":1.0762587786,"42":1.0762761831,"43":1.0762827396,"44":1.076253891,"45":1.076264739,"46":1.0762622356,"47":1.0762392282,"48":1.0761464834,"49":1.0764088631,"50":1.0761573315,"51":1.0761164427,"52":1.0761778355,"53":1.0762780905,"54":1.0760982037,"55":1.0764089823,"56":1.0762789249,"57":1.0762408972,"58":1.0763034821,"59":1.0762857199,"60":1.0762461424,"61":1.076302886,"62":1.0761914253,"63":1.0762816668,"64":1.0761902332,"65":1.076202631,"66":1.0763536692,"67":1.0762374401,"68":1.0760915279,"69":1.0762056112,"70":1.0762600899,"71":1.0763264894,"72":1.0762346983,"73":1.0762329102,"74":1.0763469934,"75":1.0761892796,"76":1.0761418343,"77":1.076123476,"78":1.0762428045,"79":1.0762835741,"80":1.0762712955,"81":1.0761351585,"82":1.0762417316,"83":1.0761791468,"84":1.0763015747,"85":1.0763217211,"86":1.0763151646,"87":1.0762085915,"88":1.076177001,"89":1.0762559175,"90":1.0762254,"91":1.0762466192,"92":1.076202631,"93":1.0761859417,"94":1.0762035847,"95":1.0761818886,"96":1.0762518644,"97":1.0762685537,"98":1.0761883259,"99":1.0762273073},"accuracy":{"0":0.3928253055,"1":0.4156639874,"2":0.3980057836,"3":0.3981172144,"4":0.3981172144,"5":0.3983400166,"6":0.3982843161,"7":0.398172915,"8":0.3982843161,"9":0.3980614841,"10":0.3982843161,"11":0.3982286155,"12":0.398172915,"13":0.3981172144,"14":0.398172915,"15":0.3982843161,"16":0.3982286155,"17":0.3982843161,"18":0.398172915,"19":0.3982843161,"20":0.3982843161,"21":0.398172915,"22":0.3981172144,"23":0.3982286155,"24":0.398172915,"25":0.398172915,"26":0.3981172144,"27":0.3983400166,"28":0.398172915,"29":0.3981172144,"30":0.398172915,"31":0.3983400166,"32":0.3982286155,"33":0.398172915,"34":0.3982286155,"35":0.398172915,"36":0.398172915,"37":0.398172915,"38":0.3982843161,"39":0.3982286155,"40":0.3982286155,"41":0.3982843161,"42":0.3981172144,"43":0.3982286155,"44":0.3980614841,"45":0.398172915,"46":0.398172915,"47":0.3982843161,"48":0.3982286155,"49":0.398172915,"50":0.3982843161,"51":0.3982286155,"52":0.398172915,"53":0.3981172144,"54":0.3982843161,"55":0.3981172144,"56":0.3982843161,"57":0.3982843161,"58":0.3982286155,"59":0.3983400166,"60":0.3981172144,"61":0.3982843161,"62":0.3981172144,"63":0.3980614841,"64":0.398172915,"65":0.3982286155,"66":0.398172915,"67":0.3982286155,"68":0.398172915,"69":0.3981172144,"70":0.3982843161,"71":0.3982843161,"72":0.398172915,"73":0.3982286155,"74":0.3981172144,"75":0.3981172144,"76":0.398172915,"77":0.3982843161,"78":0.3980057836,"79":0.3982286155,"80":0.3982286155,"81":0.3981172144,"82":0.398172915,"83":0.3982286155,"84":0.3982286155,"85":0.3982286155,"86":0.3981172144,"87":0.398172915,"88":0.398172915,"89":0.3981172144,"90":0.398172915,"91":0.3982286155,"92":0.3982286155,"93":0.398172915,"94":0.3982286155,"95":0.3982843161,"96":0.3982286155,"97":0.3982286155,"98":0.398172915,"99":0.398172915},"sensitivity":{"0":0.0169340465,"1":0.0176582001,"2":0.0,"3":0.0,"4":0.0,"5":0.0,"6":0.0,"7":0.0,"8":0.0,"9":0.0,"10":0.0,"11":0.0,"12":0.0,"13":0.0,"14":0.0,"15":0.0,"16":0.0,"17":0.0,"18":0.0,"19":0.0,"20":0.0,"21":0.0,"22":0.0,"23":0.0,"24":0.0,"25":0.0,"26":0.0,"27":0.0,"28":0.0,"29":0.0,"30":0.0,"31":0.0,"32":0.0,"33":0.0,"34":0.0,"35":0.0,"36":0.0,"37":0.0,"38":0.0,"39":0.0,"40":0.0,"41":0.0,"42":0.0,"43":0.0,"44":0.0,"45":0.0,"46":0.0,"47":0.0,"48":0.0,"49":0.0,"50":0.0,"51":0.0,"52":0.0,"53":0.0,"54":0.0,"55":0.0,"56":0.0,"57":0.0,"58":0.0,"59":0.0,"60":0.0,"61":0.0,"62":0.0,"63":0.0,"64":0.0,"65":0.0,"66":0.0,"67":0.0,"68":0.0,"69":0.0,"70":0.0,"71":0.0,"72":0.0,"73":0.0,"74":0.0,"75":0.0,"76":0.0,"77":0.0,"78":0.0,"79":0.0,"80":0.0,"81":0.0,"82":0.0,"83":0.0,"84":0.0,"85":0.0,"86":0.0,"87":0.0,"88":0.0,"89":0.0,"90":0.0,"91":0.0,"92":0.0,"93":0.0,"94":0.0,"95":0.0,"96":0.0,"97":0.0,"98":0.0,"99":0.0},"specificity":{"0":0.9908088446,"1":0.9929534197,"2":1.0,"3":1.0,"4":1.0,"5":1.0,"6":1.0,"7":1.0,"8":1.0,"9":1.0,"10":1.0,"11":1.0,"12":1.0,"13":1.0,"14":1.0,"15":1.0,"16":1.0,"17":1.0,"18":1.0,"19":1.0,"20":1.0,"21":1.0,"22":1.0,"23":1.0,"24":1.0,"25":1.0,"26":1.0,"27":1.0,"28":1.0,"29":1.0,"30":1.0,"31":1.0,"32":1.0,"33":1.0,"34":1.0,"35":1.0,"36":1.0,"37":1.0,"38":1.0,"39":1.0,"40":1.0,"41":1.0,"42":1.0,"43":1.0,"44":1.0,"45":1.0,"46":1.0,"47":1.0,"48":1.0,"49":1.0,"50":1.0,"51":1.0,"52":1.0,"53":1.0,"54":1.0,"55":1.0,"56":1.0,"57":1.0,"58":1.0,"59":1.0,"60":1.0,"61":1.0,"62":1.0,"63":1.0,"64":1.0,"65":1.0,"66":1.0,"67":1.0,"68":1.0,"69":1.0,"70":1.0,"71":1.0,"72":1.0,"73":1.0,"74":1.0,"75":1.0,"76":1.0,"77":1.0,"78":1.0,"79":1.0,"80":1.0,"81":1.0,"82":1.0,"83":1.0,"84":1.0,"85":1.0,"86":1.0,"87":1.0,"88":1.0,"89":1.0,"90":1.0,"91":1.0,"92":1.0,"93":1.0,"94":1.0,"95":1.0,"96":1.0,"97":1.0,"98":1.0,"99":1.0},"val_loss":{"0":1.0761116743,"1":1.1042765379,"2":1.107121706,"3":1.1082072258,"4":1.1077381372,"5":1.1082783937,"6":1.108074069,"7":1.1077929735,"8":1.1079721451,"9":1.1082006693,"10":1.1080101728,"11":1.1075946093,"12":1.1073539257,"13":1.1076606512,"14":1.1078078747,"15":1.1076327562,"16":1.1073201895,"17":1.1077333689,"18":1.1077684164,"19":1.1078363657,"20":1.1079325676,"21":1.1081575155,"22":1.1076747179,"23":1.1073982716,"24":1.1077620983,"25":1.1077193022,"26":1.1075040102,"27":1.1078295708,"28":1.1081402302,"29":1.1074757576,"30":1.1077150106,"31":1.1079518795,"32":1.1079267263,"33":1.1077735424,"34":1.1081905365,"35":1.108061552,"36":1.107812047,"37":1.1077493429,"38":1.1082946062,"39":1.1080673933,"40":1.1081347466,"41":1.1075828075,"42":1.1081323624,"43":1.1081672907,"44":1.1077357531,"45":1.1081024408,"46":1.1084337234,"47":1.1077730656,"48":1.108037591,"49":1.1081417799,"50":1.1081451178,"51":1.1086337566,"52":1.1080406904,"53":1.1080541611,"54":1.1078025103,"55":1.1079608202,"56":1.1077908278,"57":1.1078544855,"58":1.1079267263,"59":1.1083089113,"60":1.1079431772,"61":1.1080739498,"62":1.1081930399,"63":1.1078537703,"64":1.1077275276,"65":1.1082942486,"66":1.108089447,"67":1.1082983017,"68":1.1081413031,"69":1.1080656052,"70":1.1080253124,"71":1.1078475714,"72":1.1077883244,"73":1.108042717,"74":1.1079052687,"75":1.1079745293,"76":1.1077075005,"77":1.1078001261,"78":1.1079055071,"79":1.1074147224,"80":1.1075435877,"81":1.1080169678,"82":1.1079062223,"83":1.1074693203,"84":1.1079285145,"85":1.1076681614,"86":1.1077414751,"87":1.1077826023,"88":1.1078565121,"89":1.1076216698,"90":1.1076270342,"91":1.1075615883,"92":1.1077466011,"93":1.1082038879,"94":1.1079132557,"95":1.1079411507,"96":1.1070970297,"97":1.1073173285,"98":1.1075710058,"99":1.1075873375},"val_accuracy":{"0":0.4494743049,"1":0.2914719582,"2":0.2911798954,"3":0.2914719582,"4":0.2917640209,"5":0.2914719582,"6":0.2920560837,"7":0.2911798954,"8":0.2908878624,"9":0.2908878624,"10":0.2914719582,"11":0.2914719582,"12":0.2917640209,"13":0.2914719582,"14":0.2911798954,"15":0.2920560837,"16":0.2920560837,"17":0.2914719582,"18":0.2914719582,"19":0.2905957997,"20":0.2911798954,"21":0.2914719582,"22":0.2914719582,"23":0.2914719582,"24":0.2914719582,"25":0.2911798954,"26":0.2911798954,"27":0.2914719582,"28":0.2908878624,"29":0.2914719582,"30":0.2914719582,"31":0.2911798954,"32":0.2914719582,"33":0.2911798954,"34":0.2911798954,"35":0.2914719582,"36":0.2914719582,"37":0.2914719582,"38":0.2905957997,"39":0.2914719582,"40":0.2914719582,"41":0.2911798954,"42":0.2914719582,"43":0.2911798954,