{"loss":{"0":0.4162604511},"accuracy":{"0":0.8353943825},"sensitivity":{"0":0.8006907105},"specificity":{"0":0.9391711354},"val_loss":{"0":0.2679797113},"val_accuracy":{"0":0.9015771151},"val_sensitivity":{"0":0.900408864},"val_specificity":{"0":0.9523948431}}