{"loss":{"0":0.2377138436,"1":0.1049437076,"2":0.0661374852,"3":0.0442093872,"4":0.0375970975,"5":0.0264420062,"6":0.0221088678,"7":0.0193322003,"8":0.0219061431,"9":0.0189793035,"10":0.0161336884,"11":0.0142035848,"12":0.0090145553,"13":0.0172946248,"14":0.0141887814,"15":0.0065227943,"16":0.0148139531,"17":0.0139695536,"18":0.0084269224,"19":0.0088160001,"20":0.0096554607,"21":0.0119439559,"22":0.0067009958,"23":0.0059329695,"24":0.0100837639,"25":0.0139009841,"26":0.0034767399,"27":0.00144995,"28":0.0167595521,"29":0.0060738162,"30":0.0026183305,"31":0.0122533273,"32":0.0056939684,"33":0.0072817062,"34":0.0072726514,"35":0.0053260229,"36":0.0040759835,"37":0.0058791931,"38":0.0057603908,"39":0.0098787434,"40":0.0026196798,"41":0.0068500428,"42":0.000407438,"43":0.0100973286,"44":0.004196676,"45":0.0046913489,"46":0.0064605772,"47":0.0059968811,"48":0.0041102013,"49":0.006028817,"50":0.0058146813,"51":0.0015863247,"52":0.0037772995,"53":0.0062032491,"54":0.0028363252,"55":0.0013098076,"56":0.0081378957,"57":0.0049907411,"58":0.0075666136,"59":0.0022243031,"60":0.0051043616,"61":0.0047251708,"62":0.0032100249,"63":0.0048014852,"64":0.0030536095,"65":0.0014842795,"66":0.0064895311,"67":0.0023950941,"68":0.006047003,"69":0.0037695158,"70":0.0004079292,"71":0.0003608068,"72":0.0086746747,"73":0.0032491412,"74":0.005490839,"75":0.0003683299,"76":0.0000335586,"77":0.0000609252,"78":0.0006433064,"79":0.0134620406,"80":0.0028459893,"81":0.0075830631,"82":0.0027975035,"83":0.003886553,"84":0.0031854005,"85":0.00266716,"86":0.0017888625,"87":0.0024087119,"88":0.00047275,"89":0.0028606849,"90":0.0071847979,"91":0.0022945183,"92":0.0004350735,"93":0.0046539619,"94":0.0012469431,"95":0.0045706411,"96":0.0026164223,"97":0.0040410073,"98":0.0017407672,"99":0.0025310731},"accuracy":{"0":0.9114862084,"1":0.9640151262,"2":0.9781640172,"3":0.9837900996,"4":0.9864639044,"5":0.990418911,"6":0.9927027822,"7":0.9938168526,"8":0.9927584529,"9":0.9935383201,"10":0.9940396547,"11":0.9952651262,"12":0.9968248606,"13":0.9936497211,"14":0.9952094555,"15":0.9978832603,"16":0.9955436587,"17":0.9953765869,"18":0.9972705245,"19":0.9968248606,"20":0.9966020584,"21":0.9962677956,"22":0.9976603985,"23":0.9984402657,"24":0.9967134595,"25":0.9949866533,"26":0.9989973307,"27":0.9993872643,"28":0.9943181872,"29":0.9978275299,"30":0.9992201328,"31":0.9960449934,"32":0.9977161288,"33":0.9974933267,"34":0.9978832603,"35":0.9986631274,"36":0.9989973307,"37":0.9980503321,"38":0.997938931,"39":0.9963792562,"40":0.9992758632,"41":0.9977161288,"42":0.9998885989,"43":0.9965463281,"44":0.9985516667,"45":0.9986631274,"46":0.9978832603,"47":0.9978832603,"48":0.9986631274,"49":0.9975489974,"50":0.9978832603,"51":0.9995543957,"52":0.9988859296,"53":0.9981060624,"54":0.9989416003,"55":0.9994986653,"56":0.9976047277,"57":0.9985516667,"58":0.9976603985,"59":0.9991644621,"60":0.9983845949,"61":0.9981060624,"62":0.9991087317,"63":0.9986631274,"64":0.9992201328,"65":0.9993315339,"66":0.9978275299,"67":0.9992201328,"68":0.997938931,"69":0.9988301992,"70":0.9998328686,"71":0.9999442697,"72":0.9972147942,"73":0.9992201328,"74":0.9987187982,"75":0.9999442697,"76":1.0,"77":1.0,"78":0.9998328686,"79":0.9966577291,"80":0.9992201328,"81":0.9976603985,"82":0.9991087317,"83":0.9984402657,"84":0.9988859296,"85":0.9990530014,"86":0.9993315339,"87":0.9992201328,"88":0.9998885989,"89":0.9988301992,"90":0.9977161288,"91":0.9992758632,"92":0.9998885989,"93":0.9986073971,"94":0.9995543957,"95":0.9987745285,"96":0.9990530014,"97":0.998495996,"98":0.9993872643,"99":0.999442935},"sensitivity":{"0":0.896111846,"1":0.963123858,"2":0.9778854847,"3":0.9837900996,"4":0.9863525033,"5":0.9903631806,"6":0.9927027822,"7":0.9938168526,"8":0.9927584529,"9":0.9933711886,"10":0.9940396547,"11":0.9952651262,"12":0.9968248606,"13":0.9935940504,"14":0.9951537251,"15":0.9978832603,"16":0.9955436587,"17":0.9953765869,"18":0.9972705245,"19":0.9968248606,"20":0.9966020584,"21":0.9962677956,"22":0.9976047277,"23":0.9983845949,"24":0.9967134595,"25":0.9949866533,"26":0.9989973307,"27":0.9993872643,"28":0.9942624569,"29":0.9978275299,"30":0.9992201328,"31":0.9960449934,"32":0.9977161288,"33":0.9974933267,"34":0.9978275299,"35":0.9986631274,"36":0.9989973307,"37":0.9980503321,"38":0.997938931,"39":0.9963792562,"40":0.9992758632,"41":0.9977161288,"42":0.9998885989,"43":0.9964906573,"44":0.998495996,"45":0.9986631274,"46":0.9978832603,"47":0.9978832603,"48":0.9986631274,"49":0.9975489974,"50":0.9978832603,"51":0.9995543957,"52":0.9988859296,"53":0.9981060624,"54":0.9989416003,"55":0.9994986653,"56":0.9976047277,"57":0.9985516667,"58":0.9976603985,"59":0.9991644621,"60":0.9983845949,"61":0.9981060624,"62":0.9991087317,"63":0.9986073971,"64":0.9992201328,"65":0.9993315339,"66":0.9978275299,"67":0.9992201328,"68":0.997938931,"69":0.9988301992,"70":0.9998328686,"71":0.9999442697,"72":0.9972147942,"73":0.9991644621,"74":0.9987187982,"75":0.9999442697,"76":1.0,"77":1.0,"78":0.9998328686,"79":0.9966577291,"80":0.9992201328,"81":0.9976603985,"82":0.9991087317,"83":0.9984402657,"84":0.9988859296,"85":0.9990530014,"86":0.9993315339,"87":0.9992201328,"88":0.9998885989,"89":0.9988301992,"90":0.9977161288,"91":0.9992758632,"92":0.9998885989,"93":0.9986073971,"94":0.9995543957,"95":0.9987745285,"96":0.9990530014,"97":0.998495996,"98":0.9993872643,"99":0.999442935},"specificity":{"0":0.9646279216,"1":0.9823974967,"2":0.9892769456,"3":0.991922915,"4":0.9932597876,"5":0.9952372909,"6":0.9964070916,"7":0.9969362617,"8":0.996434927,"9":0.9967970252,"10":0.9970755577,"11":0.9976603985,"12":0.9984402657,"13":0.9969084263,"14":0.9976325631,"15":0.9989416003,"16":0.9978275299,"17":0.9976882935,"18":0.9986352324,"19":0.9984124303,"20":0.9983010292,"21":0.9981338978,"22":0.9988301992,"23":0.9992201328,"24":0.9983566999,"25":0.9975489974,"26":0.9994986653,"27":0.9996936321,"28":0.9971869588,"29":0.998913765,"30":0.9996100664,"31":0.9980224967,"32":0.9988580942,"33":0.9987745285,"34":0.9989416003,"35":0.9993315339,"36":0.9994986653,"37":0.9990530014,"38":0.9989973307,"39":0.9982174635,"40":0.9996379018,"41":0.9988859296,"42":0.9999442697,"43":0.9982731938,"44":0.9992758632,"45":0.9993315339,"46":0.9989416003,"47":0.9989416003,"48":0.9993315339,"49":0.9988023639,"50":0.9989416003,"51":0.9997771978,"52":0.999442935,"53":0.9990530014,"54":0.99947083,"55":0.9997493029,"56":0.9988023639,"57":0.9992758632,"58":0.9988301992,"59":0.9996100664,"60":0.9991922975,"61":0.9990808964,"62":0.9995543957,"63":0.9993315339,"64":0.9996100664,"65":0.9996657968,"66":0.9989416003,"67":0.9996379018,"68":0.9989973307,"69":0.9994150996,"70":0.9999164343,"71":0.9999721646,"72":0.9986073971,"73":0.9996100664,"74":0.9993594289,"75":0.9999721646,"76":1.0,"77":1.0,"78":0.9999164343,"79":0.9983288646,"80":0.9996100664,"81":0.9988301992,"82":0.9995543957,"83":0.9992201328,"84":0.999442935,"85":0.9995265007,"86":0.9996657968,"87":0.9996100664,"88":0.9999442697,"89":0.9994150996,"90":0.9988580942,"91":0.9996379018,"92":0.9999442697,"93":0.9993036985,"94":0.9997771978,"95":0.9993872643,"96":0.9995265007,"97":0.9992479682,"98":0.9996936321,"99":0.9997214675},"val_loss":{"0":4.2446136475,"1":0.1683565527,"2":0.1881944835,"3":0.7935690284,"4":0.3130187392,"5":0.1883017421,"6":0.3060736954,"7":0.1863614619,"8":0.3015418351,"9":0.2965067327,"10":0.1906993687,"11":0.1981974989,"12":0.2305681258,"13":0.2328514457,"14":0.2259470522,"15":0.5508319139,"16":0.1720478535,"17":0.1965626478,"18":0.2443410605,"19":0.2155240327,"20":0.7282710671,"21":0.2033114284,"22":0.195175752,"23":0.2537250519,"24":0.2049192637,"25":0.2180197686,"26":0.2283793837,"27":0.2752996683,"28":0.1569658965,"29":0.3398627639,"30":0.4075333774,"31":0.2512479722,"32":0.2366741002,"33":0.2940638065,"34":0.2631850839,"35":0.2348958552,"36":0.5228744149,"37":0.2210396528,"38":0.2673271596,"39":0.363188237,"40":0.2451401353,"41":0.2352469116,"42":0.2171666324,"43":0.4132917523,"44":0.6537076831,"45":0.2180980444,"46":0.2509338558,"47":0.3021567166,