{"loss":{"0":0.2285782099,"1":0.1012399495,"2":0.0674541593,"3":0.0536100045,"4":0.0407157615,"5":0.0247658622,"6":0.0282301325,"7":0.02230688,"8":0.0211485159,"9":0.0210385136,"10":0.019223839,"11":0.012292793,"12":0.0156062413,"13":0.0138473855,"14":0.014872537,"15":0.0126387486,"16":0.0096788611,"17":0.0122163054,"18":0.0115474053,"19":0.0141819268,"20":0.007661799,"21":0.0107872691,"22":0.0077816006,"23":0.0144525776,"24":0.0086628795,"25":0.0097909002,"26":0.0098216496,"27":0.0094032306,"28":0.0086539295,"29":0.0080867792,"30":0.0043552318,"31":0.0132445851,"32":0.0083411764,"33":0.0048611904,"34":0.0088623157,"35":0.00646014,"36":0.006646127,"37":0.0097544082,"38":0.0054492741,"39":0.0019626766,"40":0.0123883262,"41":0.0063295518,"42":0.005759873,"43":0.0023011321,"44":0.0048404424,"45":0.0100721419,"46":0.0040436545,"47":0.0068563488,"48":0.0047637336,"49":0.0057154945,"50":0.0065152026,"51":0.0048312144,"52":0.0034183739,"53":0.0026576996,"54":0.0106803356,"55":0.0075979605,"56":0.0030736725,"57":0.00471836,"58":0.0044516521,"59":0.0045459853,"60":0.0034113755,"61":0.0081285443,"62":0.0049918159,"63":0.0039478997,"64":0.0063091218,"65":0.0032237263,"66":0.004383856,"67":0.00436405,"68":0.0037536656,"69":0.0045064092,"70":0.0028807016,"71":0.0051679499,"72":0.0056590084,"73":0.0042716735,"74":0.0024256792,"75":0.0043407483,"76":0.0045527341,"77":0.0057954737,"78":0.0032367292,"79":0.0022049658,"80":0.005565736,"81":0.0026108907,"82":0.0001827411,"83":0.0034946548,"84":0.0049307542,"85":0.0035793658,"86":0.0040959315,"87":0.0057644974,"88":0.0068484182,"89":0.0034358376,"90":0.0000924629,"91":0.0039870627,"92":0.0028026314,"93":0.0026025907,"94":0.0041649239,"95":0.0035326506,"96":0.0031600231,"97":0.0042114183,"98":0.0044840099,"99":0.0012178659},"accuracy":{"0":0.9173908234,"1":0.9646279216,"2":0.9762143493,"3":0.980949223,"4":0.9857397676,"5":0.9912544489,"6":0.9891933799,"7":0.9920343161,"8":0.9929255843,"9":0.9929255843,"10":0.9940396547,"11":0.9957107902,"12":0.9943181872,"13":0.9955436587,"14":0.9954322577,"15":0.9958779216,"16":0.9972147942,"17":0.9963235259,"18":0.9964906573,"19":0.9956550598,"20":0.9969362617,"21":0.9963792562,"22":0.9973819256,"23":0.9953765869,"24":0.9971590638,"25":0.9971033931,"26":0.9966020584,"27":0.9969362617,"28":0.9970476627,"29":0.9977718592,"30":0.9986631274,"31":0.9959335923,"32":0.9972705245,"33":0.9983845949,"34":0.9973261952,"35":0.9980503321,"36":0.9979946613,"37":0.9969362617,"38":0.9982174635,"39":0.9993872643,"40":0.9955993891,"41":0.9982174635,"42":0.997938931,"43":0.9991644621,"44":0.998495996,"45":0.9961563945,"46":0.9989416003,"47":0.9977161288,"48":0.9986631274,"49":0.9977718592,"50":0.9978275299,"51":0.9980503321,"52":0.9988859296,"53":0.999442935,"54":0.9968248606,"55":0.9975489974,"56":0.9989973307,"57":0.9986631274,"58":0.9984402657,"59":0.9983845949,"60":0.9988301992,"61":0.9978832603,"62":0.9982731938,"63":0.9985516667,"64":0.9982174635,"65":0.9989416003,"66":0.9984402657,"67":0.9989973307,"68":0.9988859296,"69":0.9986073971,"70":0.9990530014,"71":0.9988301992,"72":0.9984402657,"73":0.9986073971,"74":0.9992758632,"75":0.9986631274,"76":0.9981617928,"77":0.997938931,"78":0.9989416003,"79":0.9993315339,"80":0.9986631274,"81":0.9990530014,"82":0.9999442697,"83":0.9993872643,"84":0.9985516667,"85":0.9991644621,"86":0.9986631274,"87":0.9983288646,"88":0.9974933267,"89":0.9988859296,"90":1.0,"91":0.9987187982,"92":0.9992758632,"93":0.9990530014,"94":0.9987187982,"95":0.9989416003,"96":0.9990530014,"97":0.9984402657,"98":0.998495996,"99":0.9996657968},"sensitivity":{"0":0.9053587317,"1":0.9637366533,"2":0.9757130146,"3":0.9806706905,"4":0.9855726361,"5":0.9911987782,"6":0.9890819788,"7":0.991922915,"8":0.9929255843,"9":0.9929255843,"10":0.993983984,"11":0.9956550598,"12":0.9943181872,"13":0.9955436587,"14":0.9953208566,"15":0.9958221912,"16":0.9971033931,"17":0.9963235259,"18":0.996434927,"19":0.9955993891,"20":0.9968248606,"21":0.9963235259,"22":0.9973819256,"23":0.9953208566,"24":0.9971590638,"25":0.9971033931,"26":0.9965463281,"27":0.9968805909,"28":0.9970476627,"29":0.9977718592,"30":0.9986631274,"31":0.9958779216,"32":0.9972705245,"33":0.9983845949,"34":0.9973261952,"35":0.9980503321,"36":0.9979946613,"37":0.9969362617,"38":0.9982174635,"39":0.9993872643,"40":0.9955436587,"41":0.9982174635,"42":0.997938931,"43":0.9991644621,"44":0.998495996,"45":0.9961563945,"46":0.9989416003,"47":0.9976603985,"48":0.9986631274,"49":0.9977718592,"50":0.9978275299,"51":0.9979946613,"52":0.9988859296,"53":0.999442935,"54":0.9967691898,"55":0.9975489974,"56":0.9989973307,"57":0.9986073971,"58":0.9984402657,"59":0.9983288646,"60":0.9987745285,"61":0.9978832603,"62":0.9982731938,"63":0.9985516667,"64":0.9981617928,"65":0.9989416003,"66":0.9983845949,"67":0.9989973307,"68":0.9988859296,"69":0.9986073971,"70":0.9990530014,"71":0.9988301992,"72":0.9983845949,"73":0.9986073971,"74":0.9992758632,"75":0.9986631274,"76":0.9980503321,"77":0.997938931,"78":0.9989416003,"79":0.9993315339,"80":0.9986631274,"81":0.9990530014,"82":0.9999442697,"83":0.9993872643,"84":0.9985516667,"85":0.9991644621,"86":0.9986631274,"87":0.9983288646,"88":0.9974933267,"89":0.9988859296,"90":1.0,"91":0.9987187982,"92":0.9992758632,"93":0.9990530014,"94":0.9987187982,"95":0.9989416003,"96":0.9990530014,"97":0.9984402657,"98":0.9984402657,"99":0.9996657968},"specificity":{"0":0.9661040306,"1":0.9827038646,"2":0.9883021116,"3":0.9906695485,"4":0.9929812551,"5":0.9957107902,"6":0.9946802855,"7":0.9960449934,"8":0.9965184927,"9":0.9964906573,"10":0.9970476627,"11":0.9978832603,"12":0.9971590638,"13":0.9977718592,"14":0.9977439642,"15":0.997938931,"16":0.9986073971,"17":0.9982174635,"18":0.9982452989,"19":0.9978553653,"20":0.9984681606,"21":0.9982174635,"22":0.9986909628,"23":0.9977161288,"24":0.9985795617,"25":0.9985516667,"26":0.9983010292,"27":0.9984681606,"28":0.9985238314,"29":0.998913765,"30":0.9993315339,"31":0.9979946613,"32":0.9986909628,"33":0.9991922975,"34":0.9986631274,"35":0.999025166,"36":0.9989973307,"37":0.9984681606,"38":0.9991644621,"39":0.9996936321,"40":0.9978275299,"41":0.9991087317,"42":0.9989694953,"43":0.999582231,"44":0.9993036985,"45":0.9981060624,"46":0.99947083,"47":0.9988580942,"48":0.9993315339,"49":0.9988859296,"50":0.998913765,"51":0.999025166,"52":0.999442935,"53":0.9997214675,"54":0.9984402657,"55":0.9987745285,"56":0.9994986653,"57":0.9993315339,"58":0.9992201328,"59":0.9991922975,"60":0.9994150996,"61":0.9989416003,"62":0.9991365671,"63":0.9992758632,"64":0.9991087317,"65":0.99947083,"66":0.9992201328,"67":0.9994986653,"68":0.999442935,"69":0.9993036985,"70":0.9995265007,"71":0.9994150996,"72":0.9992201328,"73":0.9993036985,"74":0.9996379018,"75":0.9993594289,"76":0.9990808964,"77":0.9989973307,"78":0.99947083,"79":0.9996657968,"80":0.9993315339,"81":0.9995265007,"82":0.9999721646,"83":0.9996936321,"84":0.9993036985,"85":0.999582231,"86":0.9993315339,"87":0.9991644621,"88":0.9987745285,"89":0.999442935,"90":1.0,"91":0.9993594289,"92":0.9996379018,"93":0.9995265007,"94":0.9993594289,"95":0.99947083,"96":0.9995265007,"97":0.9992201328,"98":0.9992479682,"99":0.9998328686},"val_loss":{"0":6.351129055,"1":0.1883888096,"2":0.4304575324,"3":0.15270181,"4":0.1690312326,"5":0.2918952405,"6":0.1761720479,"7":0.3997271061,"8":0.1982275993,"9":0.2399543673,"10":0.2670802772,"11":0.2777916491,"12":0.2998811603,"13":0.2054941356,"14":0.3415331841,"15":0.309117198,"16":0.3373683393,"17":0.5039561391,"18":0.2473153621,"19":0.3552266359,"20":0.2561309338,"21":0.2019723356,"22":0.3590017259,"23":0.2249992192,"24":0.3966873884,"25":6.4407501221,"26":0.4287413955,"27":0.61448735,"28":0.2719755471,"29":0.2272995263,"30":0.2828651369,"31":0.19659926,"32":0.2251950502,"33":0.5194479823,"34":0.4241522253,"35":0.4143400788,"36":0.3096268773,"37":0.3239111006,"38":0.3182025552,"39":0.3998839557,"40":0.3272534609,"41":0.2697770894,"42":0.3993906081,"43":0.3251735568,"44":0.2927117348,"45":0.3244681656,"46":0.3353318274,"47":0.3347113729,