{"loss":{"0":0.5983265638,"1":0.2548165619,"2":0.1965770274,"3":0.1671827883,"4":0.142908439,"5":0.1342862993,"6":0.1151491329,"7":0.1034549847,"8":0.0939037278,"9":0.0823741853,"10":0.0711056069,"11":0.0728387535,"12":0.0504844487,"13":0.0563985631,"14":0.0512092635,"15":0.0436749309,"16":0.0337820426,"17":0.0403026752,"18":0.0358286873,"19":0.0323060937,"20":0.0279594678,"21":0.0296837669,"22":0.025959583,"23":0.0254910737,"24":0.0257874914,"25":0.0219561569,"26":0.0184974372,"27":0.0204842538,"28":0.0228886884,"29":0.0185791496,"30":0.020787904,"31":0.017694287,"32":0.0187084246,"33":0.0114020016,"34":0.0235259552,"35":0.0181045365,"36":0.0149319237,"37":0.0187910367,"38":0.0112948809,"39":0.0173855647,"40":0.010658049,"41":0.0149916383,"42":0.0115482751,"43":0.0160156246,"44":0.0143609578,"45":0.0136146788,"46":0.0149001805,"47":0.0071309316,"48":0.0150790717,"49":0.0195597336,"50":0.0168524291,"51":0.0110998666,"52":0.0197683517,"53":0.0087324455,"54":0.0103592025,"55":0.0115426416,"56":0.0119679319,"57":0.0118428702,"58":0.0154855056,"59":0.0162424259,"60":0.0123216873,"61":0.0073876204,"62":0.0158046279,"63":0.009905736,"64":0.0135052819,"65":0.0058376617,"66":0.0136824436,"67":0.0107644163,"68":0.0003965283,"69":0.000014315,"70":0.0000021432,"71":0.0000015033,"72":0.0000004492,"73":0.0000002375,"74":0.0000001094,"75":0.000000034,"76":0.0000000177,"77":0.0000000056,"78":0.0000000025,"79":0.0000000074,"80":0.0000000026,"81":0.0000000013,"82":0.0000000008,"83":0.0000000003,"84":0.0000000019,"85":0.0000000004,"86":0.0000000004,"87":0.0000000001,"88":0.0,"89":0.0,"90":0.0,"91":0.0539208092,"92":0.0036809861,"93":0.0149886087,"94":0.0026432727,"95":0.0184986163,"96":0.0105750822,"97":0.0126094418,"98":0.0066646961,"99":0.008419157},"accuracy":{"0":0.7300579548,"1":0.9080325365,"2":0.9302027822,"3":0.9394496679,"4":0.9498662949,"5":0.954211235,"6":0.9598930478,"7":0.9646835923,"8":0.967245996,"9":0.9719808102,"10":0.9749888778,"11":0.9761029482,"12":0.9831773639,"13":0.9801136255,"14":0.983288765,"15":0.9852941036,"16":0.9886363745,"17":0.986853838,"18":0.9880793095,"19":0.9886920452,"20":0.9902517796,"21":0.9901960492,"22":0.9911987782,"23":0.9920343161,"24":0.9914215803,"25":0.9924242496,"26":0.9938168526,"27":0.9929255843,"28":0.9923685193,"29":0.9937611222,"30":0.9938725233,"31":0.9943181872,"32":0.9938168526,"33":0.9962121248,"34":0.9945409894,"35":0.9950423241,"36":0.9943181872,"37":0.9932597876,"38":0.9963235259,"39":0.9938725233,"40":0.9962121248,"41":0.9950980544,"42":0.996434927,"43":0.9947081208,"44":0.9949866533,"45":0.9960449934,"46":0.9961007237,"47":0.9975489974,"48":0.9953765869,"49":0.9943181872,"50":0.9957664609,"51":0.9966577291,"52":0.994373858,"53":0.996991992,"54":0.9966577291,"55":0.9963235259,"56":0.996434927,"57":0.9969362617,"58":0.9960449934,"59":0.9958779216,"60":0.9966020584,"61":0.9977161288,"62":0.9966020584,"63":0.9971033931,"64":0.9957664609,"65":0.9982174635,"66":0.9959335923,"67":0.9963235259,"68":0.9998885989,"69":1.0,"70":1.0,"71":1.0,"72":1.0,"73":1.0,"74":1.0,"75":1.0,"76":1.0,"77":1.0,"78":1.0,"79":1.0,"80":1.0,"81":1.0,"82":1.0,"83":1.0,"84":1.0,"85":1.0,"86":1.0,"87":1.0,"88":1.0,"89":1.0,"90":1.0,"91":0.9864639044,"92":0.9987187982,"93":0.9956550598,"94":0.9990530014,"95":0.9948195219,"96":0.9965463281,"97":0.9959893227,"98":0.9978275299,"99":0.9970476627},"sensitivity":{"0":0.6247771978,"1":0.9028520584,"2":0.927918911,"3":0.9382798672,"4":0.9490864277,"5":0.9533756971,"6":0.9592245817,"7":0.9644607902,"8":0.966688931,"9":0.9716466069,"10":0.9745989442,"11":0.9759358168,"12":0.9830102324,"13":0.9798908234,"14":0.9828431606,"15":0.9850155711,"16":0.9886363745,"17":0.9867981076,"18":0.9879122376,"19":0.9885806441,"20":0.9901960492,"21":0.9901403785,"22":0.9911430478,"23":0.9918671846,"24":0.99136585,"25":0.9923128486,"26":0.9937611222,"27":0.992869854,"28":0.9923128486,"29":0.9937611222,"30":0.9938168526,"31":0.9942624569,"32":0.9937054515,"33":0.9962121248,"34":0.9944295883,"35":0.9949866533,"36":0.9943181872,"37":0.9932041168,"38":0.9963235259,"39":0.9937611222,"40":0.9962121248,"41":0.9950423241,"42":0.9963792562,"43":0.9947081208,"44":0.994930923,"45":0.9960449934,"46":0.9959893227,"47":0.9975489974,"48":0.9953765869,"49":0.9940953851,"50":0.9957107902,"51":0.9966577291,"52":0.994373858,"53":0.996991992,"54":0.9966577291,"55":0.9962677956,"56":0.996434927,"57":0.9969362617,"58":0.9960449934,"59":0.9958779216,"60":0.9965463281,"61":0.9977161288,"62":0.9962677956,"63":0.9970476627,"64":0.9957664609,"65":0.9982174635,"66":0.9957664609,"67":0.9963235259,"68":0.9998885989,"69":1.0,"70":1.0,"71":1.0,"72":1.0,"73":1.0,"74":1.0,"75":1.0,"76":1.0,"77":1.0,"78":1.0,"79":1.0,"80":1.0,"81":1.0,"82":1.0,"83":1.0,"84":1.0,"85":1.0,"86":1.0,"87":1.0,"88":1.0,"89":1.0,"90":1.0,"91":0.9859068394,"92":0.9987187982,"93":0.9955993891,"94":0.9990530014,"95":0.9946523905,"96":0.9963792562,"97":0.9959335923,"98":0.9978275299,"99":0.9970476627},"specificity":{"0":0.9408979416,"1":0.9568014741,"2":0.9661319256,"3":0.970671773,"4":0.9753788114,"5":0.9774955511,"6":0.980280757,"7":0.9824810624,"8":0.98384583,"9":0.9862689376,"10":0.9876058102,"11":0.9881628752,"12":0.9916165471,"13":0.9902239442,"14":0.9917836189,"15":0.9926470518,"16":0.9943460226,"17":0.993426919,"18":0.9942903519,"19":0.994373858,"20":0.9951816201,"21":0.9951537251,"22":0.9955993891,"23":0.9960449934,"24":0.9957386255,"25":0.9962121248,"26":0.9969084263,"27":0.9964627624,"28":0.9962121248,"29":0.9969084263,"30":0.9969362617,"31":0.9971590638,"32":0.9969084263,"33":0.9981060624,"34":0.9972705245,"35":0.9975489974,"36":0.9972147942,"37":0.9966298938,"38":0.9981617928,"39":0.9969362617,"40":0.9981060624,"41":0.9975768924,"42":0.9982174635,"43":0.997409761,"44":0.9975768924,"45":0.9980224967,"46":0.9980503321,"47":0.9988023639,"48":0.9977161288,"49":0.9972705245,"50":0.997966826,"51":0.9983566999,"52":0.9972426295,"53":0.998495996,"54":0.9983845949,"55":0.9981617928,"56":0.9983010292,"57":0.9985238314,"58":0.9980503321,"59":0.997938931,"60":0.9983010292,"61":0.9988580942,"62":0.9983288646,"63":0.9985516667,"64":0.9978832603,"65":0.9991365671,"66":0.9979946613,"67":0.9981896281,"68":0.9999442697,"69":1.0,"70":1.0,"71":1.0,"72":1.0,"73":1.0,"74":1.0,"75":1.0,"76":1.0,"77":1.0,"78":1.0,"79":1.0,"80":1.0,"81":1.0,"82":1.0,"83":1.0,"84":1.0,"85":1.0,"86":1.0,"87":1.0,"88":1.0,"89":1.0,"90":1.0,"91":0.9933433533,"92":0.9993594289,"93":0.9978275299,"94":0.9995265007,"95":0.9974375963,"96":0.9983566999,"97":0.9979946613,"98":0.9989416003,"99":0.9985795617},"val_loss":{"0":0.3356247246,"1":0.2144204676,"2":0.2043477148,"3":0.1859281063,"4":0.2003719658,"5":0.1842010468,"6":0.1515030712,"7":0.2096483856,"8":0.1889269352,"9":0.1748258173,"10":0.2155891508,"11":0.19992432,"12":0.1922366917,"13":0.2094545513,"14":0.1934262961,"15":0.2329997867,"16":0.2244287431,"17":0.199368909,"18":0.2961653471,"19":0.205213964,"20":0.2411650568,"21":0.2885715365,"22":0.2374121994,"23":0.2728116512,"24":0.2493492067,"25":0.2375564724,"26":0.2899391949,"27":0.2499319911,"28":0.3045913875,"29":0.389449358,"30":0.3639780879,"31":0.3069077134,"32":0.2914142907,"33":0.4782381356,"34":0.3330099583,"35":0.3494762778,"36":0.3590213656,"37":0.4797792435,"38":0.3063013554,"39":0.3150135279,"40":0.2808413208,"41":0.313467145,"42":0.3898425102,"43":0.2979228497,"44":0.2996672094,"45":0.2695055902,"46":0.3010775149,"47":0.5388141274,"48":0.4038768709,"49":0.3337165713,"50":0.4185162783,"51":0.3119817376,"52":0.2653173506,"53":0.3828178942,"54":0.3540832698,"55":0.2749552429,"56":0.4425009489,"57":0.4477466047,"58":0.324849695,"59":0.3697902858,"60":0.3197106123,"61":0.3714793324,"62":0.3361135125,"63":0.3211657703,"64":0.4564345479,"65":0.4647451341,"66":0.4099976122,"67":0.352637291,"68":0.4574558437,"69":0.4886490405,"70":0.5166710019,"71":0.5540508628,"72":0.5792002678,"73":0.6101935506,"74":0.6634054184,"75":0.7583745718,"76":0.7713557482,"77":0.7982048392,"78":0.8191153407,"79":0.8692837954,