{"loss":{"0":0.2073359191},"accuracy":{"0":0.9260249734},"sensitivity":{"0":0.9161096215},"specificity":{"0":0.9684436321},"val_loss":{"0":1.4236667156},"val_accuracy":{"0":0.6419392228},"val_sensitivity":{"0":0.6346378326},"val_specificity":{"0":0.829293251}}