{"loss":{"0":0.3765438199},"accuracy":{"0":0.9202316999},"sensitivity":{"0":0.9117646813},"specificity":{"0":0.9662433267},"val_loss":{"0":3.4953045845},"val_accuracy":{"0":0.4842289686},"val_sensitivity":{"0":0.4827686846},"val_specificity":{"0":0.7432827353}}