{"loss":{"0":40.7387008667,"1":22.2316894531,"2":16.4868736267,"3":11.447892189,"4":9.3020391464,"5":7.7612724304,"6":5.6257510185,"7":5.2795910835,"8":4.3947095871,"9":5.2301096916,"10":4.3292093277,"11":3.0753569603,"12":3.7577259541,"13":3.9049417973,"14":3.6919293404,"15":2.308324337,"16":3.1179449558,"17":2.5229616165,"18":2.387264967,"19":2.2276928425,"20":1.9578543901,"21":2.6184155941,"22":2.3096194267,"23":2.4319193363,"24":1.3693361282,"25":2.3048322201,"26":1.319801569,"27":2.6255030632,"28":1.5871531963,"29":2.1157951355,"30":0.8540927768,"31":2.2867352962,"32":1.4168219566,"33":1.4450070858,"34":1.9102630615,"35":1.0020809174,"36":1.1073986292,"37":1.4990173578,"38":1.664370656,"39":1.3294210434,"40":1.1508524418,"41":1.243350029,"42":1.5227557421,"43":0.9790514708,"44":1.4791243076,"45":1.3596068621,"46":1.3478910923,"47":1.0921941996,"48":1.0094381571,"49":1.1839749813,"50":1.1175197363,"51":0.8813349009,"52":0.9740282893,"53":1.101829648,"54":0.8040316701,"55":1.4795225859,"56":0.502530396,"57":1.1133764982,"58":0.9932108521,"59":0.7063680291,"60":0.9507430196,"61":2.3464143276,"62":0.7733824849,"63":0.3294896483,"64":0.8176653385,"65":0.9857694507,"66":0.5948646069,"67":0.9561895132,"68":0.6033667922,"69":0.8862563372,"70":0.8966497183,"71":0.7498070598,"72":0.4051576853,"73":1.1837973595,"74":0.8599025607,"75":0.7840005159,"76":1.2810641527,"77":0.9134172201,"78":0.7187939286,"79":0.6418340802,"80":0.738550365,"81":0.6990589499,"82":0.9712617993,"83":0.4208594561,"84":1.0466015339,"85":1.0944507122,"86":0.2810311317,"87":0.7546402812,"88":1.5720440149,"89":0.6061301231,"90":0.6568301916,"91":0.4824689329,"92":0.6158902645,"93":1.2011470795,"94":0.6909835935,"95":0.4859337807,"96":0.1958122551,"97":0.9365699887,"98":1.1296277046,"99":0.7667892575},"accuracy":{"0":0.9153297544,"1":0.9581662416,"2":0.9674131274,"3":0.9779411554,"4":0.9805035591,"5":0.9839015007,"6":0.9887477756,"7":0.9903075099,"8":0.9914772511,"9":0.9898061752,"10":0.9915329814,"11":0.9940953851,"12":0.9936497211,"13":0.9927027822,"14":0.9938168526,"15":0.9960449934,"16":0.9942067862,"17":0.9950980544,"18":0.9950980544,"19":0.9957664609,"20":0.9958221912,"21":0.9952094555,"22":0.9954322577,"23":0.995487988,"24":0.9977161288,"25":0.9959335923,"26":0.9974933267,"27":0.9948752522,"28":0.9971033931,"29":0.9963792562,"30":0.9986631274,"31":0.9957664609,"32":0.9974933267,"33":0.9972147942,"34":0.9966577291,"35":0.9984402657,"36":0.9976603985,"37":0.9967134595,"38":0.9972147942,"39":0.9976047277,"40":0.9977718592,"41":0.9974375963,"42":0.9972147942,"43":0.9981060624,"44":0.9982731938,"45":0.9976603985,"46":0.9977161288,"47":0.9982174635,"48":0.9977718592,"49":0.9981617928,"50":0.9977161288,"51":0.9982174635,"52":0.9983845949,"53":0.9981617928,"54":0.9986073971,"55":0.996991992,"56":0.9987187982,"57":0.9978832603,"58":0.9978275299,"59":0.9987187982,"60":0.9983288646,"61":0.9974933267,"62":0.9986631274,"63":0.9992758632,"64":0.9983845949,"65":0.9982731938,"66":0.9989416003,"67":0.9985516667,"68":0.9988301992,"69":0.9984402657,"70":0.9984402657,"71":0.9987187982,"72":0.9992201328,"73":0.9976047277,"74":0.9989416003,"75":0.9986631274,"76":0.998495996,"77":0.9988859296,"78":0.9988301992,"79":0.9989973307,"80":0.9987187982,"81":0.9986073971,"82":0.9982174635,"83":0.9992758632,"84":0.997938931,"85":0.998495996,"86":0.9996100664,"87":0.9986631274,"88":0.9972705245,"89":0.9989416003,"90":0.9986073971,"91":0.9990530014,"92":0.9985516667,"93":0.9981060624,"94":0.9987745285,"95":0.9990530014,"96":0.9994986653,"97":0.9986073971,"98":0.998495996,"99":0.9986073971},"sensitivity":{"0":0.9078654051,"1":0.9567179084,"2":0.9667446613,"3":0.9773284197,"4":0.9800022244,"5":0.9835115671,"6":0.9885249734,"7":0.9901960492,"8":0.9914215803,"9":0.9896947145,"10":0.9912544489,"11":0.9940953851,"12":0.9935383201,"13":0.9925913811,"14":0.9937054515,"15":0.9959893227,"16":0.9941510558,"17":0.9950980544,"18":0.9950423241,"19":0.9957664609,"20":0.9958221912,"21":0.9952094555,"22":0.9953765869,"23":0.995487988,"24":0.9977161288,"25":0.9959335923,"26":0.9974933267,"27":0.9948752522,"28":0.9970476627,"29":0.9963235259,"30":0.9986631274,"31":0.9957107902,"32":0.9974933267,"33":0.9971590638,"34":0.9966577291,"35":0.9984402657,"36":0.9976603985,"37":0.9967134595,"38":0.9972147942,"39":0.9976047277,"40":0.9977161288,"41":0.9974375963,"42":0.9972147942,"43":0.9981060624,"44":0.9982174635,"45":0.9976603985,"46":0.9976603985,"47":0.9982174635,"48":0.9977718592,"49":0.9981617928,"50":0.9976603985,"51":0.9982174635,"52":0.9983845949,"53":0.9981617928,"54":0.9986073971,"55":0.9969362617,"56":0.9987187982,"57":0.9978832603,"58":0.9978275299,"59":0.9987187982,"60":0.9983288646,"61":0.9974375963,"62":0.9986631274,"63":0.9992758632,"64":0.9983845949,"65":0.9982174635,"66":0.9988301992,"67":0.998495996,"68":0.9988301992,"69":0.9984402657,"70":0.9983845949,"71":0.9987187982,"72":0.9992201328,"73":0.9974933267,"74":0.9989416003,"75":0.9986631274,"76":0.9984402657,"77":0.9988859296,"78":0.9988301992,"79":0.9989973307,"80":0.9987187982,"81":0.9986073971,"82":0.9982174635,"83":0.9992758632,"84":0.9978832603,"85":0.998495996,"86":0.9996100664,"87":0.9986073971,"88":0.9972147942,"89":0.9988301992,"90":0.9985516667,"91":0.9990530014,"92":0.9985516667,"93":0.9980503321,"94":0.9987745285,"95":0.9990530014,"96":0.9994986653,"97":0.9986073971,"98":0.9984402657,"99":0.9986073971},"specificity":{"0":0.9628732204,"1":0.9797794223,"2":0.9840129018,"3":0.9891933799,"4":0.9903075099,"5":0.9922849536,"6":0.9944017529,"7":0.9951537251,"8":0.9958221912,"9":0.9949587584,"10":0.9958500266,"11":0.9970755577,"12":0.9968248606,"13":0.9963513613,"14":0.996964097,"15":0.9980224967,"16":0.9971033931,"17":0.9975768924,"18":0.9975489974,"19":0.9979110956,"20":0.997938931,"21":0.9976325631,"22":0.9977161288,"23":0.9977439642,"24":0.9988580942,"25":0.997966826,"26":0.9987466335,"27":0.9974933267,"28":0.9985516667,"29":0.9982452989,"30":0.9993594289,"31":0.9979110956,"32":0.9987466335,"33":0.9986073971,"34":0.9983566999,"35":0.9992201328,"36":0.9988301992,"37":0.9983845949,"38":0.9986073971,"39":0.9988023639,"40":0.9988859296,"41":0.9987466335,"42":0.9986073971,"43":0.9990530014,"44":0.9991365671,"45":0.9988301992,"46":0.9988580942,"47":0.9991087317,"48":0.9988859296,"49":0.9990808964,"50":0.9988580942,"51":0.9991087317,"52":0.9991922975,"53":0.9990808964,"54":0.9993315339,"55":0.9985238314,"56":0.9993594289,"57":0.9989416003,"58":0.998913765,"59":0.9993872643,"60":0.9991644621,"61":0.9987466335,"62":0.9993315339,"63":0.9996379018,"64":0.9992201328,"65":0.9991365671,"66":0.99947083,"67":0.9993036985,"68":0.99947083,"69":0.9992201328,"70":0.9992201328,"71":0.9993594289,"72":0.9996100664,"73":0.9988023639,"74":0.99947083,"75":0.9993315339,"76":0.9992479682,"77":0.999442935,"78":0.9994150996,"79":0.9994986653,"80":0.9993594289,"81":0.9993036985,"82":0.9991087317,"83":0.9996379018,"84":0.9989694953,"85":0.9992479682,"86":0.9998050332,"87":0.9993315339,"88":0.9986909628,"89":0.99947083,"90":0.9993036985,"91":0.9995265007,"92":0.9992758632,"93":0.9990808964,"94":0.9994150996,"95":0.9995265007,"96":0.9997493029,"97":0.9993036985,"98":0.9992479682,"99":0.9993036985},"val_loss":{"0":0.1690837592,"1":0.2421817183,"2":0.1499590427,"3":1.1348385811,"4":0.3293111324,"5":0.235004425,"6":0.3162161112,"7":0.2177506387,"8":0.2704740763,"9":0.2197067589,"10":0.2061288655,"11":0.2272597104,"12":0.2020966411,"13":0.3401558399,"14":0.2275159359,"15":0.2279675603,"16":0.1795904934,"17":0.352032274,"18":0.1756028533,"19":0.2424259335,"20":0.2847299874,"21":0.2685882151,"22":0.2560543418,"23":0.1697683781,"24":0.3142052889,"25":0.2685586214,"26":0.2138669491,"27":0.295432359,"28":0.2156236619,"29":0.2595075667,"30":0.3002702892,"31":0.36487481,"32":0.2299754918,"33":0.2253709733,"34":0.2117780298,"35":0.277539283,"36":0.3840427995,"37":0.2944197357,"38":0.2687966228,"39":0.2641596496,"40":0.3508420587,"41":0.2639791071,"42":0.2171937823,"43":0.2728521824,"44":0.2765676081,