{"loss":{"0":0.2409345657},"accuracy":{"0":0.9104835391},"sensitivity":{"0":0.9010695219},"specificity":{"0":0.9625946879},"val_loss":{"0":0.318138659},"val_accuracy":{"0":0.9007009268},"val_sensitivity":{"0":0.897488296},"val_specificity":{"0":0.9522488117}}