{"loss":{"0":0.4902896583,"1":0.2551594377,"2":0.2052056044,"3":0.1678724438,"4":0.1475095898,"5":0.1293198615,"6":0.1211965084,"7":0.1071774587,"8":0.1095550507,"9":0.0888995752,"10":0.0750432462,"11":0.0730931535,"12":0.0679069981,"13":0.0630675554,"14":0.0541028604,"15":0.0493681841,"16":0.0400712155,"17":0.0429232158,"18":0.0379915833,"19":0.0313416086,"20":0.0278018452,"21":0.0307559092,"22":0.0278038569,"23":0.0256565977,"24":0.024382282,"25":0.0118704075,"26":0.0227731764,"27":0.0187886897,"28":0.0173453223,"29":0.0187582783,"30":0.0131411385,"31":0.0187384095,"32":0.0126716346,"33":0.0149784172,"34":0.0169940572,"35":0.0167711806,"36":0.014846934,"37":0.0153249884,"38":0.0110327462,"39":0.0090610804,"40":0.0189343896,"41":0.0145313246,"42":0.0077679008,"43":0.0172699317,"44":0.0095148887,"45":0.0110821156,"46":0.0122866156,"47":0.0082623856,"48":0.0067424751,"49":0.0056012296,"50":0.0071481527,"51":0.0164970569,"52":0.0092334598,"53":0.0114650652,"54":0.0109011214,"55":0.0074604359,"56":0.0037495142,"57":0.0151592381,"58":0.0090116039,"59":0.007479893,"60":0.0082299812,"61":0.0062946831,"62":0.0085602337,"63":0.0103483768,"64":0.0106349224,"65":0.0033312386,"66":0.0036907417,"67":0.0039543291,"68":0.0133970259,"69":0.009447597,"70":0.0052534458,"71":0.0076946039,"72":0.0165803488,"73":0.0053318157,"74":0.010538199,"75":0.0095404107,"76":0.0013492892,"77":0.008669368,"78":0.0040337765,"79":0.0115503622,"80":0.0092955157,"81":0.0071301912,"82":0.003100151,"83":0.0087565864,"84":0.00612634,"85":0.0057955426,"86":0.0092782583,"87":0.0033393202,"88":0.0055796928,"89":0.0001655174,"90":0.0110914316,"91":0.0098589705,"92":0.0100911967,"93":0.0044130362,"94":0.0013806935,"95":0.0083063142,"96":0.0023192784,"97":0.0000425335,"98":0.0117548332,"99":0.0073456941},"accuracy":{"0":0.805369854,"1":0.9117090106,"2":0.9270833135,"3":0.942012012,"4":0.9492535591,"5":0.955603838,"6":0.960672915,"7":0.9620655179,"8":0.9618427157,"9":0.9698640704,"10":0.9739304781,"11":0.9763814807,"12":0.9782196879,"13":0.9785539508,"14":0.9815619588,"15":0.983400166,"16":0.986296773,"17":0.9859625697,"18":0.9873551726,"19":0.9890263081,"20":0.9902517796,"21":0.9901960492,"22":0.9914772511,"23":0.9921457171,"24":0.9918115139,"25":0.9959893227,"26":0.9917001128,"27":0.9930927157,"28":0.9944853187,"29":0.9933155179,"30":0.9956550598,"31":0.9937611222,"32":0.9952094555,"33":0.9955436587,"34":0.994373858,"35":0.9944295883,"36":0.9954322577,"37":0.9949866533,"38":0.9964906573,"39":0.9968805909,"40":0.9937611222,"41":0.9953765869,"42":0.9976047277,"43":0.9945409894,"44":0.9970476627,"45":0.9963792562,"46":0.9960449934,"47":0.9975489974,"48":0.9978275299,"49":0.9982731938,"50":0.9974375963,"51":0.9953765869,"52":0.9973819256,"53":0.9962121248,"54":0.9971033931,"55":0.9977718592,"56":0.9989416003,"57":0.9958221912,"58":0.996991992,"59":0.9977161288,"60":0.9976047277,"61":0.997938931,"62":0.9970476627,"63":0.9971590638,"64":0.9961563945,"65":0.9986631274,"66":0.9986073971,"67":0.9986631274,"68":0.9957107902,"69":0.9970476627,"70":0.9986073971,"71":0.9976603985,"72":0.9955993891,"73":0.9981617928,"74":0.9977161288,"75":0.996434927,"76":0.9996100664,"77":0.9977718592,"78":0.9987745285,"79":0.9965463281,"80":0.9973261952,"81":0.9971033931,"82":0.9989973307,"83":0.9975489974,"84":0.9979946613,"85":0.998495996,"86":0.9971590638,"87":0.9990530014,"88":0.9980503321,"89":1.0,"90":0.9972147942,"91":0.9968805909,"92":0.9967691898,"93":0.9984402657,"94":0.9996100664,"95":0.9977718592,"96":0.9993872643,"97":1.0,"98":0.9970476627,"99":0.9975489974},"sensitivity":{"0":0.7572972178,"1":0.9073083997,"2":0.924465239,"3":0.9406194091,"4":0.9477495551,"5":0.9549911022,"6":0.9602272511,"7":0.9615084529,"8":0.9610071182,"9":0.9695298672,"10":0.9737633467,"11":0.9762700796,"12":0.9781082869,"13":0.9782754183,"14":0.9814505577,"15":0.983400166,"16":0.9862411022,"17":0.9857954383,"18":0.9873551726,"19":0.9889705777,"20":0.9902517796,"21":0.9901960492,"22":0.9912544489,"23":0.9920343161,"24":0.9917557836,"25":0.9959893227,"26":0.9917001128,"27":0.9930927157,"28":0.9944853187,"29":0.9933155179,"30":0.9956550598,"31":0.9936497211,"32":0.9952094555,"33":0.995487988,"34":0.994373858,"35":0.9943181872,"36":0.9953765869,"37":0.9948752522,"38":0.9964906573,"39":0.9968805909,"40":0.9937611222,"41":0.9953208566,"42":0.9976047277,"43":0.9944295883,"44":0.9969362617,"45":0.9962677956,"46":0.9960449934,"47":0.9975489974,"48":0.9977718592,"49":0.9982731938,"50":0.9974375963,"51":0.9953765869,"52":0.9973819256,"53":0.9961563945,"54":0.9970476627,"55":0.9977718592,"56":0.9989416003,"57":0.9957664609,"58":0.996991992,"59":0.9977161288,"60":0.9976047277,"61":0.997938931,"62":0.9970476627,"63":0.9971590638,"64":0.9961563945,"65":0.9986631274,"66":0.9986073971,"67":0.9986631274,"68":0.9957107902,"69":0.9970476627,"70":0.998495996,"71":0.9976603985,"72":0.9955436587,"73":0.9981617928,"74":0.9977161288,"75":0.996434927,"76":0.9996100664,"77":0.9977718592,"78":0.9987745285,"79":0.9965463281,"80":0.9972705245,"81":0.9970476627,"82":0.9989416003,"83":0.9975489974,"84":0.9979946613,"85":0.998495996,"86":0.9971590638,"87":0.9990530014,"88":0.9980503321,"89":1.0,"90":0.9972147942,"91":0.9968248606,"92":0.9967691898,"93":0.9983845949,"94":0.9996100664,"95":0.9977718592,"96":0.9993872643,"97":1.0,"98":0.9970476627,"99":0.9974933267},"specificity":{"0":0.9330993891,"1":0.9582219124,"2":0.9649899602,"3":0.9719808102,"4":0.9754066467,"5":0.9783032537,"6":0.980949223,"7":0.9812276959,"8":0.9812276959,"9":0.9850155711,"10":0.9870766401,"11":0.9882186055,"12":0.9892491102,"13":0.9893605113,"14":0.9908645153,"15":0.9917557836,"16":0.9931762218,"17":0.9930927157,"18":0.9938168526,"19":0.9946245551,"20":0.9952094555,"21":0.9951258898,"22":0.9957943559,"23":0.9960728884,"24":0.9959335923,"25":0.9979946613,"26":0.9958500266,"27":0.9966020584,"28":0.9972426295,"29":0.9967412949,"30":0.9978275299,"31":0.9968805909,"32":0.9976325631,"33":0.9977718592,"34":0.9971869588,"35":0.9972426295,"36":0.9977439642,"37":0.9974933267,"38":0.9982452989,"39":0.9984402657,"40":0.9969362617,"41":0.9976882935,"42":0.9988023639,"43":0.9973540306,"44":0.9985238314,"45":0.9981896281,"46":0.998078227,"47":0.9987745285,"48":0.998913765,"49":0.9991365671,"50":0.9987466335,"51":0.9976882935,"52":0.9986909628,"53":0.9981060624,"54":0.9985516667,"55":0.9988859296,"56":0.9994986653,"57":0.997938931,"58":0.998495996,"59":0.9988580942,"60":0.9988023639,"61":0.9989694953,"62":0.9985238314,"63":0.9986073971,"64":0.998078227,"65":0.9993315339,"66":0.9993036985,"67":0.9993315339,"68":0.9979110956,"69":0.9985238314,"70":0.9993036985,"71":0.9988580942,"72":0.9977996945,"73":0.9991365671,"74":0.9988859296,"75":0.9982174635,"76":0.9998328686,"77":0.9988859296,"78":0.9993872643,"79":0.9983010292,"80":0.9986909628,"81":0.9985795617,"82":0.9994986653,"83":0.9987745285,"84":0.999025166,"85":0.9992479682,"86":0.9986352324,"87":0.9995265007,"88":0.999025166,"89":1.0,"90":0.9986352324,"91":0.9984402657,"92":0.9984124303,"93":0.9992758632,"94":0.9998050332,"95":0.9989416003,"96":0.9996936321,"97":1.0,"98":0.9985238314,"99":0.9988023639},"val_loss":{"0":0.3094901741,"1":0.5044801235,"2":0.2437210083,"3":0.1907150447,"4":0.1622600406,"5":0.1632089168,"6":0.1478591859,"7":0.1468881071,"8":0.1606799215,"9":0.1715313792,"10":0.1948849261,"11":0.2512396872,"12":0.2175608277,"13":0.2904077768,"14":0.174348399,"15":0.2525924742,"16":0.2522358596,"17":0.2740304768,"18":0.2373345047,"19":0.2368814349,"20":0.2357997,"21":0.3220632076,"22":0.4198759794,"23":0.3634762764,"24":0.2279989123,"25":0.2527798414,"26":0.3208228946,"27":0.3031454682,"28":0.2585816681,"29":0.2474013567,"30":0.2732596397,"31":0.2820569873,"32":0.3119005859,"33":0.2563943267,"34":0.2833561897,"35":0.2640753686,"36":0.3966291249,"37":0.3139023483,"38":0.2898485959,"39":0.365406692,"40":0.2866555154,"41":0.307267487,"42":0.4354804456,"43":0.2589309216,"44":0.2709833384,"45":0.3580974936,"46":0.3184145987,"47":0.3280619681,