{"loss":{"0":0.206225574},"accuracy":{"0":0.9237411022},"sensitivity":{"0":0.9152183533},"specificity":{"0":0.9673295617},"val_loss":{"0":4.0694804192},"val_accuracy":{"0":0.4567756951},"val_sensitivity":{"0":0.4556074739},"val_specificity":{"0":0.7311623693}}