{"loss":{"0":0.2104062885,"1":0.0948362201,"2":0.0621099025,"3":0.0587496422,"4":0.0329982415,"5":0.0312595852,"6":0.0241947193,"7":0.0185379516,"8":0.0224705413,"9":0.0171236545,"10":0.016542308,"11":0.0170270316,"12":0.011389873,"13":0.013581207,"14":0.0162026361,"15":0.0087631438,"16":0.0120875016,"17":0.0127489399,"18":0.010327043,"19":0.0122874277,"20":0.0085706348,"21":0.0130663216,"22":0.0070455777,"23":0.0081077674,"24":0.0144092729,"25":0.006673893,"26":0.0058157081,"27":0.0073914807,"28":0.0087406663,"29":0.0069415146,"30":0.0117135076,"31":0.0032775663,"32":0.0105380388,"33":0.0051074033,"34":0.0057934499,"35":0.0077918135,"36":0.0063134418,"37":0.0072361706,"38":0.0084891487,"39":0.0035011214,"40":0.0062523526,"41":0.0046454757,"42":0.0063542444,"43":0.0042141536,"44":0.0090076635,"45":0.0044060885,"46":0.009117404,"47":0.0031889917,"48":0.0044880356,"49":0.0076026763,"50":0.0011147582,"51":0.005845909,"52":0.0042919116,"53":0.0054024504,"54":0.0049811425,"55":0.0039018714,"56":0.0027198785,"57":0.0039347582,"58":0.0070434231,"59":0.0069241291,"60":0.0042874203,"61":0.0061598071,"62":0.0005803644,"63":0.003032279,"64":0.0030813608,"65":0.003381066,"66":0.0079972008,"67":0.0035467609,"68":0.0039280369,"69":0.0034767347,"70":0.0062433775,"71":0.0009973804,"72":0.0051960968,"73":0.0034570915,"74":0.0048253085,"75":0.0067592016,"76":0.0001190544,"77":0.0000151677,"78":0.0000043072,"79":0.0000016471,"80":0.0000040158,"81":0.0000006806,"82":0.0000003657,"83":0.0179222059,"84":0.0060693338,"85":0.0016394831,"86":0.0036138247,"87":0.0033840677,"88":0.0059132981,"89":0.0022920906,"90":0.003010462,"91":0.0014590854,"92":0.0025990964,"93":0.008161705,"94":0.0019906911,"95":0.003197724,"96":0.0019846635,"97":0.0041016666,"98":0.0023748775,"99":0.0044167135},"accuracy":{"0":0.9234625697,"1":0.966688931,"2":0.9787767529,"3":0.9796122909,"4":0.988914907,"5":0.9894162416,"6":0.9913101792,"7":0.9936497211,"8":0.9921457171,"9":0.9939282537,"10":0.9944295883,"11":0.9952651262,"12":0.996434927,"13":0.9955993891,"14":0.9944295883,"15":0.9967691898,"16":0.9963235259,"17":0.995487988,"18":0.9967691898,"19":0.9970476627,"20":0.9971590638,"21":0.9958221912,"22":0.9978832603,"23":0.9973261952,"24":0.9955993891,"25":0.9977718592,"26":0.9981617928,"27":0.9974933267,"28":0.9972147942,"29":0.9980503321,"30":0.9961563945,"31":0.9987187982,"32":0.9965463281,"33":0.9982174635,"34":0.9982174635,"35":0.996991992,"36":0.9977718592,"37":0.9978275299,"38":0.9974933267,"39":0.9987745285,"40":0.9978832603,"41":0.9983845949,"42":0.9981617928,"43":0.9987187982,"44":0.9978832603,"45":0.9986631274,"46":0.9973261952,"47":0.9988859296,"48":0.9983288646,"49":0.9979946613,"50":0.9997214675,"51":0.9977718592,"52":0.9986631274,"53":0.9980503321,"54":0.997938931,"55":0.9986073971,"56":0.9992758632,"57":0.9985516667,"58":0.9977718592,"59":0.9977161288,"60":0.9989973307,"61":0.997938931,"62":0.9997771978,"63":0.9988859296,"64":0.9989973307,"65":0.9988301992,"66":0.9974933267,"67":0.9990530014,"68":0.9986073971,"69":0.9991087317,"70":0.9980503321,"71":0.9998328686,"72":0.9987187982,"73":0.9987745285,"74":0.9987187982,"75":0.9983288646,"76":1.0,"77":1.0,"78":1.0,"79":1.0,"80":1.0,"81":1.0,"82":1.0,"83":0.9957664609,"84":0.9980503321,"85":0.9993315339,"86":0.9988859296,"87":0.9989416003,"88":0.9982731938,"89":0.999442935,"90":0.9989416003,"91":0.9994986653,"92":0.9992758632,"93":0.9980503321,"94":0.9993872643,"95":0.9989416003,"96":0.9993315339,"97":0.9988301992,"98":0.9992201328,"99":0.9987745285},"sensitivity":{"0":0.9165552855,"1":0.9659090638,"2":0.9782754183,"3":0.9792223573,"4":0.9888591766,"5":0.9893605113,"6":0.9912544489,"7":0.9935940504,"8":0.9920900464,"9":0.9938725233,"10":0.994373858,"11":0.9952651262,"12":0.9963792562,"13":0.9955993891,"14":0.9944295883,"15":0.9967691898,"16":0.9963235259,"17":0.995487988,"18":0.9967691898,"19":0.996991992,"20":0.9971590638,"21":0.9958221912,"22":0.9978275299,"23":0.9973261952,"24":0.9955436587,"25":0.9977161288,"26":0.9981617928,"27":0.9974933267,"28":0.9971590638,"29":0.9980503321,"30":0.9961563945,"31":0.9987187982,"32":0.9965463281,"33":0.9982174635,"34":0.9982174635,"35":0.996991992,"36":0.9976603985,"37":0.9977718592,"38":0.9974375963,"39":0.9987745285,"40":0.9978832603,"41":0.9983845949,"42":0.9981617928,"43":0.9986631274,"44":0.9978275299,"45":0.9986631274,"46":0.9973261952,"47":0.9988859296,"48":0.9983288646,"49":0.9979946613,"50":0.9997214675,"51":0.9976603985,"52":0.9986631274,"53":0.9980503321,"54":0.997938931,"55":0.9986073971,"56":0.9992758632,"57":0.9985516667,"58":0.9977718592,"59":0.9976603985,"60":0.9989973307,"61":0.9978275299,"62":0.9997771978,"63":0.9988859296,"64":0.9989973307,"65":0.9988301992,"66":0.9974375963,"67":0.9990530014,"68":0.9986073971,"69":0.9991087317,"70":0.9980503321,"71":0.9998328686,"72":0.9987187982,"73":0.9987745285,"74":0.9987187982,"75":0.9983288646,"76":1.0,"77":1.0,"78":1.0,"79":1.0,"80":1.0,"81":1.0,"82":1.0,"83":0.9956550598,"84":0.997938931,"85":0.9993315339,"86":0.9988301992,"87":0.9989416003,"88":0.9982731938,"89":0.9993872643,"90":0.9989416003,"91":0.9994986653,"92":0.9992201328,"93":0.9979946613,"94":0.9993315339,"95":0.9989416003,"96":0.9993315339,"97":0.9988301992,"98":0.9992201328,"99":0.9987745285},"specificity":{"0":0.966828227,"1":0.9836508632,"2":0.9894719124,"3":0.9898896813,"4":0.994513154,"5":0.9947637916,"6":0.9957386255,"7":0.996964097,"8":0.9961007237,"9":0.996964097,"10":0.9972147942,"11":0.9976325631,"12":0.9982452989,"13":0.9977996945,"14":0.9972426295,"15":0.9983845949,"16":0.9981617928,"17":0.9977439642,"18":0.9983845949,"19":0.9985238314,"20":0.9985795617,"21":0.9979110956,"22":0.9989416003,"23":0.9986631274,"24":0.9978553653,"25":0.9988859296,"26":0.9991087317,"27":0.9987466335,"28":0.9986073971,"29":0.999025166,"30":0.9981060624,"31":0.9993594289,"32":0.9982731938,"33":0.9991087317,"34":0.9991087317,"35":0.998495996,"36":0.9988859296,"37":0.998913765,"38":0.9987466335,"39":0.9993872643,"40":0.9989416003,"41":0.9992201328,"42":0.9990808964,"43":0.9993594289,"44":0.9989694953,"45":0.9993315339,"46":0.9986631274,"47":0.999442935,"48":0.9991644621,"49":0.9989973307,"50":0.9998607635,"51":0.9988859296,"52":0.9993315339,"53":0.999025166,"54":0.9989694953,"55":0.9993036985,"56":0.9996379018,"57":0.9993036985,"58":0.9988859296,"59":0.9988580942,"60":0.9994986653,"61":0.9989694953,"62":0.9998885989,"63":0.999442935,"64":0.9994986653,"65":0.9994150996,"66":0.9987745285,"67":0.9995265007,"68":0.9993036985,"69":0.9995543957,"70":0.999025166,"71":0.9999164343,"72":0.9993594289,"73":0.9993872643,"74":0.9993594289,"75":0.9991644621,"76":1.0,"77":1.0,"78":1.0,"79":1.0,"80":1.0,"81":1.0,"82":1.0,"83":0.9978832603,"84":0.9990530014,"85":0.9996657968,"86":0.999442935,"87":0.99947083,"88":0.9991922975,"89":0.9997214675,"90":0.99947083,"91":0.9997493029,"92":0.9996379018,"93":0.999025166,"94":0.9996936321,"95":0.9994986653,"96":0.9996657968,"97":0.9994150996,"98":0.9996100664,"99":0.9993872643},"val_loss":{"0":3.3864605427,"1":0.3393564522,"2":0.1967148185,"3":0.4450840354,"4":0.1868986487,"5":0.2018923312,"6":0.3697576225,"7":0.2948935926,"8":0.1788008511,"9":0.2273120582,"10":0.2735301852,"11":0.2830779254,"12":0.2210109383,"13":0.2248996496,"14":0.3738373816,"15":0.8506109118,"16":0.3246829808,"17":0.3385813236,"18":0.2710450292,"19":0.2295755595,"20":0.2678383291,"21":0.1955874562,"22":0.3618849516,"23":0.7482488155,"24":0.5424186587,"25":0.3110674918,"26":0.2199514359,"27":0.2367509305,"28":0.2898464501,"29":0.2611764371,"30":0.3087150455,"31":0.3087677062,"32":0.3447563052,"33":0.2667573392,"34":0.2188678384,"35":0.3076488376,"36":0.1845472157,"37":0.6589735746,"38":0.3520251811,"39":0.2823608816,"40":0.2239712477,"41":0.2770798802,"42":0.2179773152,"43":0.2018846124,"44":0.2151564658,"45":0.2660639286,"46":0.2354722768,"47":0.6234376431,"48":0.3050039113,"49":0.2471788526,"50":0.2745743692,"51":0.3752791584,"52":0.3638282716,"53":0.3294626474,"54":0.48082003,"55":0.4609345496,