{"loss":{"0":0.4788243473,"1":0.24191387,"2":0.1897620261,"3":0.1687368602,"4":0.1540139318,"5":0.1363936514,"6":0.1251217723,"7":0.1100694686,"8":0.0972270444,"9":0.0828846246,"10":0.0811576396,"11":0.071965836,"12":0.0638054311,"13":0.0580451749,"14":0.0480551533,"15":0.0426238403,"16":0.034548033,"17":0.0353204161,"18":0.0328295641,"19":0.0274404418,"20":0.0242248755,"21":0.0257470626,"22":0.0259482935,"23":0.0202167537,"24":0.0246888679,"25":0.0244233962,"26":0.0211799871,"27":0.0190887526,"28":0.019000357,"29":0.0181987751,"30":0.0185948946,"31":0.0180088989,"32":0.0149083668,"33":0.0139510352,"34":0.0178349633,"35":0.0184648708,"36":0.0168810301,"37":0.0101822801,"38":0.0119342357,"39":0.0140249189,"40":0.0141959051,"41":0.0113171702,"42":0.0112097478,"43":0.0116684679,"44":0.0139809866,"45":0.0102709141,"46":0.0149084385,"47":0.0095633324,"48":0.0121761225,"49":0.0060995109,"50":0.019117482,"51":0.005745844,"52":0.0082919486,"53":0.0158131197,"54":0.0065443646,"55":0.0084023438,"56":0.0107313311,"57":0.0146859856,"58":0.0057218652,"59":0.0096779307,"60":0.0085023884,"61":0.0177410487,"62":0.008794196,"63":0.0073362528,"64":0.0099136364,"65":0.0108591067,"66":0.0078968173,"67":0.0156064294,"68":0.0061283233,"69":0.0037282177,"70":0.0077453917,"71":0.0102879144,"72":0.0042735133,"73":0.014928869,"74":0.0109463269,"75":0.0053159352,"76":0.0097148446,"77":0.0049795625,"78":0.0038339812,"79":0.0140668005,"80":0.0048605017,"81":0.0002316054,"82":0.0000215413,"83":0.0000014092,"84":0.000000233,"85":0.0000001091,"86":0.0000000491,"87":0.0000000239,"88":0.0000000123,"89":0.0000000069,"90":0.0000000041,"91":0.0000000026,"92":0.0000000016,"93":0.000000001,"94":0.0000000007,"95":0.0000000004,"96":0.0000000003,"97":0.0000000002,"98":0.0000000001,"99":0.0000000001},"accuracy":{"0":0.8030859828,"1":0.912266016,"2":0.9328208566,"3":0.9403966069,"4":0.944630146,"5":0.9517602324,"6":0.9552696347,"7":0.9601715803,"8":0.9661319256,"9":0.9706996679,"10":0.9718137383,"11":0.9748217463,"12":0.9769384861,"13":0.9792780876,"14":0.9823974967,"15":0.9851827025,"16":0.9874665737,"17":0.988914907,"18":0.9884135723,"19":0.989861846,"20":0.9919785857,"21":0.9906974435,"22":0.9903631806,"23":0.9930927157,"24":0.9917557836,"25":0.9922571182,"26":0.9929255843,"27":0.994373858,"28":0.9933155179,"29":0.9946523905,"30":0.9938725233,"31":0.9944295883,"32":0.9952094555,"33":0.994930923,"34":0.9947637916,"35":0.9944295883,"36":0.9941510558,"37":0.9963792562,"38":0.9959893227,"39":0.9952651262,"40":0.9948752522,"41":0.9966020584,"42":0.996434927,"43":0.9965463281,"44":0.9952651262,"45":0.9970476627,"46":0.9953208566,"47":0.9969362617,"48":0.9962677956,"49":0.997938931,"50":0.9944295883,"51":0.9978832603,"52":0.9971590638,"53":0.9950423241,"54":0.9978832603,"55":0.9970476627,"56":0.9967134595,"57":0.9950423241,"58":0.9981617928,"59":0.9971590638,"60":0.996991992,"61":0.9962677956,"62":0.996991992,"63":0.9975489974,"64":0.996991992,"65":0.9968805909,"66":0.9974933267,"67":0.9954322577,"68":0.997938931,"69":0.9990530014,"70":0.9977161288,"71":0.9970476627,"72":0.9986073971,"73":0.9955993891,"74":0.9967134595,"75":0.9983288646,"76":0.9966577291,"77":0.9986073971,"78":0.9991087317,"79":0.9963792562,"80":0.9981617928,"81":1.0,"82":1.0,"83":1.0,"84":1.0,"85":1.0,"86":1.0,"87":1.0,"88":1.0,"89":1.0,"90":1.0,"91":1.0,"92":1.0,"93":1.0,"94":1.0,"95":1.0,"96":1.0,"97":1.0,"98":1.0,"99":1.0},"sensitivity":{"0":0.7548462749,"1":0.9091466069,"2":0.9312611222,"3":0.9388368726,"4":0.9435717463,"5":0.9508689642,"6":0.9546568394,"7":0.9596145153,"8":0.9655191898,"9":0.9704768062,"10":0.9715352058,"11":0.9747103453,"12":0.976827085,"13":0.9790552855,"14":0.9821746945,"15":0.9851270318,"16":0.987410903,"17":0.988914907,"18":0.988357842,"19":0.9896947145,"20":0.9919785857,"21":0.9906974435,"22":0.9903631806,"23":0.9930927157,"24":0.9917557836,"25":0.9921457171,"26":0.9929255843,"27":0.9943181872,"28":0.9932597876,"29":0.9946523905,"30":0.9938725233,"31":0.9944295883,"32":0.9952094555,"33":0.994930923,"34":0.9947081208,"35":0.9942624569,"36":0.9941510558,"37":0.9963792562,"38":0.9959335923,"39":0.9952651262,"40":0.9948752522,"41":0.9964906573,"42":0.9963792562,"43":0.9964906573,"44":0.9952651262,"45":0.996991992,"46":0.9953208566,"47":0.9969362617,"48":0.9962121248,"49":0.997938931,"50":0.9944295883,"51":0.9978275299,"52":0.9971590638,"53":0.994930923,"54":0.9978275299,"55":0.996991992,"56":0.9967134595,"57":0.9949866533,"58":0.9981617928,"59":0.9971590638,"60":0.996991992,"61":0.9962677956,"62":0.9969362617,"63":0.9975489974,"64":0.9969362617,"65":0.9967691898,"66":0.9974375963,"67":0.9953765869,"68":0.997938931,"69":0.9990530014,"70":0.9977161288,"71":0.9970476627,"72":0.9986073971,"73":0.9955993891,"74":0.9966577291,"75":0.9983288646,"76":0.9966020584,"77":0.9986073971,"78":0.9991087317,"79":0.9963235259,"80":0.9981617928,"81":1.0,"82":1.0,"83":1.0,"84":1.0,"85":1.0,"86":1.0,"87":1.0,"88":1.0,"89":1.0,"90":1.0,"91":1.0,"92":1.0,"93":1.0,"94":1.0,"95":1.0,"96":1.0,"97":1.0,"98":1.0,"99":1.0},"specificity":{"0":0.9332943559,"1":0.9579712749,"2":0.9673573971,"3":0.9708667397,"4":0.9730670452,"5":0.976297915,"6":0.9779133201,"7":0.9804757237,"8":0.9833166003,"9":0.9856283665,"10":0.9860461354,"11":0.9875223041,"12":0.9886085391,"13":0.9897504449,"14":0.9913380146,"15":0.9926748872,"16":0.9937611222,"17":0.9945409894,"18":0.9942624569,"19":0.9949587584,"20":0.9959893227,"21":0.9953765869,"22":0.9951816201,"23":0.9966020584,"24":0.9958779216,"25":0.9961842895,"26":0.9965184927,"27":0.9972147942,"28":0.9966577291,"29":0.9973261952,"30":0.9969362617,"31":0.9972147942,"32":0.9976325631,"33":0.9974654913,"34":0.997409761,"35":0.9972426295,"36":0.9971033931,"37":0.9981896281,"38":0.9979946613,"39":0.9976325631,"40":0.9974375963,"41":0.9983010292,"42":0.9982731938,"43":0.9983288646,"44":0.9976603985,"45":0.9985238314,"46":0.9977161288,"47":0.9984681606,"48":0.9981617928,"49":0.9989694953,"50":0.9972147942,"51":0.9989416003,"52":0.9985795617,"53":0.9976047277,"54":0.9989416003,"55":0.9985516667,"56":0.9983566999,"57":0.9975768924,"58":0.9990808964,"59":0.9985795617,"60":0.998495996,"61":0.9981617928,"62":0.9985238314,"63":0.9987745285,"64":0.998495996,"65":0.998495996,"66":0.9987745285,"67":0.9978553653,"68":0.9989694953,"69":0.9995543957,"70":0.9988580942,"71":0.9985238314,"72":0.9993315339,"73":0.9978275299,"74":0.9984402657,"75":0.9991922975,"76":0.9983288646,"77":0.9993036985,"78":0.999582231,"79":0.9982452989,"80":0.9990808964,"81":1.0,"82":1.0,"83":1.0,"84":1.0,"85":1.0,"86":1.0,"87":1.0,"88":1.0,"89":1.0,"90":1.0,"91":1.0,"92":1.0,"93":1.0,"94":1.0,"95":1.0,"96":1.0,"97":1.0,"98":1.0,"99":1.0},"val_loss":{"0":0.3383281827,"1":0.1768366843,"2":0.1817853153,"3":0.1868409961,"4":0.1406006515,"5":0.1552885473,"6":0.152513504,"7":0.1455475688,"8":0.1536399275,"9":0.1720585227,"10":0.1799384207,"11":0.2040449679,"12":0.1641771048,"13":0.2103529423,"14":0.2227095813,"15":0.2531454563,"16":0.1958612949,"17":0.2419230342,"18":0.2668467164,"19":0.2180572748,"20":0.218083486,"21":0.3182741106,"22":0.2394310534,"23":0.2548306882,"24":0.2428450435,"25":0.2825171947,"26":0.2399507612,"27":0.2602290809,"28":0.3324634135,"29":0.2745290697,"30":0.2461768389,"31":0.2435677052,"32":0.2810523212,"33":0.2525767982,"34":0.3295801878,"35":0.3532155156,"36":0.2225312889,"37":0.3313569129,"38":0.4197850227,"39":0.3126712739,"40":0.2651310265,"41":0.2990511358,"42":0.3077758253,"43":0.3734699488,"44":0.4282323122,"45":0.2908210456,"46":0.289029181,"47":0.3007209897,"48":0.2830935419,"49":0.3883732557,"50":0.2918119431,"51":0.3349066377,"52":0.4227855802,"53":0.2969552577,"54":0.4227626622,"55":0.4334166646,"56":0.6219078898,"57":0.2880519927,"58":0.6159582138,"59":0.2556359172,"60":0.3198442161,"61":0.3555173576,"62":0.3920989037,"63":0.3321902454,"64":0.3639037609,"65":0.345123589,"66":0.4366751313,"67":0.4348714948,"68":0.3720447719,"69":0.5716904998,"70":0.4342360795,"71":0.5663052201,"72":0.4469434917,"73":0.3208369315,