{"loss":{"0":0.2626458704,"1":0.1170052141,"2":0.070847787,"3":0.0561862551,"4":0.0364739746,"5":0.0307846759,"6":0.0367908329,"7":0.0231418069,"8":0.018729493,"9":0.0237978268,"10":0.0245823413,"11":0.0181175172,"12":0.0152103724,"13":0.0144853713,"14":0.021263916,"15":0.0109378686,"16":0.0176896919,"17":0.0082474481,"18":0.0149536859,"19":0.0130093973,"20":0.0104689691,"21":0.0072066132,"22":0.0150594357,"23":0.0137808621,"24":0.0126074627,"25":0.0072457138,"26":0.0060460977,"27":0.008745091,"28":0.0053019575,"29":0.0144362524,"30":0.0069385548,"31":0.0066423812,"32":0.0079661077,"33":0.0083520357,"34":0.0068548359,"35":0.0059273141,"36":0.0110363169,"37":0.0039947103,"38":0.0061368141,"39":0.0036531633,"40":0.0096337162,"41":0.0073343241,"42":0.0022647211,"43":0.008890029,"44":0.008030734,"45":0.0008616426,"46":0.0088828048,"47":0.0050652265,"48":0.0042087664,"49":0.0040003499,"50":0.0096810674,"51":0.006041063,"52":0.003027203,"53":0.0070943413,"54":0.0051808539,"55":0.0021984924,"56":0.0063747824,"57":0.0069959718,"58":0.0048846314,"59":0.0045057428,"60":0.0008540106,"61":0.0060797809,"62":0.0082449373,"63":0.0035870976,"64":0.002347782,"65":0.0069810012,"66":0.0055462611,"67":0.0036736517,"68":0.0028709609,"69":0.0037613378,"70":0.0068572136,"71":0.0030221392,"72":0.0035834173,"73":0.0062498925,"74":0.0008698594,"75":0.0024303328,"76":0.0084112519,"77":0.0025675772,"78":0.0004581531,"79":0.0062370398,"80":0.0028760834,"81":0.0023807299,"82":0.005689715,"83":0.0049591651,"84":0.0012011661,"85":0.0000835288,"86":0.0065881531,"87":0.0066840849,"88":0.0026483198,"89":0.0057513919,"90":0.0013700987,"91":0.0050831148,"92":0.000328579,"93":0.000183665,"94":0.0073385886,"95":0.0028802922,"96":0.0019196983,"97":0.003795716,"98":0.0018554926,"99":0.0003319719},"accuracy":{"0":0.9043003321,"1":0.9605057836,"2":0.9754902124,"3":0.9799465537,"4":0.9881350398,"5":0.9891933799,"6":0.9876337051,"7":0.9922571182,"8":0.9933711886,"9":0.9915329814,"10":0.9922014475,"11":0.9936497211,"12":0.994930923,"13":0.9945967197,"14":0.9923128486,"15":0.9966020584,"16":0.9937611222,"17":0.9974375963,"18":0.9953765869,"19":0.9961007237,"20":0.9964906573,"21":0.9977718592,"22":0.994930923,"23":0.9949866533,"24":0.9955436587,"25":0.9978832603,"26":0.9980503321,"27":0.9973261952,"28":0.9981060624,"29":0.9952094555,"30":0.997938931,"31":0.9977718592,"32":0.9973819256,"33":0.9974375963,"34":0.9974933267,"35":0.9977718592,"36":0.9965463281,"37":0.9985516667,"38":0.9974933267,"39":0.9987187982,"40":0.996991992,"41":0.9972705245,"42":0.9993315339,"43":0.9969362617,"44":0.9973261952,"45":0.9998885989,"46":0.9970476627,"47":0.998495996,"48":0.9986631274,"49":0.9987187982,"50":0.9970476627,"51":0.9983288646,"52":0.9989416003,"53":0.9974933267,"54":0.998495996,"55":0.9993315339,"56":0.9979946613,"57":0.9978832603,"58":0.9982731938,"59":0.9983288646,"60":0.9998885989,"61":0.9978832603,"62":0.9974375963,"63":0.9991087317,"64":0.9991644621,"65":0.9976603985,"66":0.9980503321,"67":0.9988859296,"68":0.9991087317,"69":0.9988859296,"70":0.9981060624,"71":0.9989973307,"72":0.9988859296,"73":0.9981060624,"74":0.9997771978,"75":0.9993315339,"76":0.9973819256,"77":0.9989973307,"78":0.9998885989,"79":0.9978275299,"80":0.9989973307,"81":0.9991087317,"82":0.9982174635,"83":0.9984402657,"84":0.9996657968,"85":1.0,"86":0.9981060624,"87":0.9978832603,"88":0.9991644621,"89":0.998495996,"90":0.9993315339,"91":0.9985516667,"92":0.9999442697,"93":0.9999442697,"94":0.9976047277,"95":0.9992201328,"96":0.9992758632,"97":0.998495996,"98":0.9992758632,"99":0.9998885989},"sensitivity":{"0":0.8861965537,"1":0.9588903785,"2":0.9749888778,"3":0.9797794223,"4":0.9880236387,"5":0.9891933799,"6":0.9872994423,"7":0.9922014475,"8":0.9932041168,"9":0.9914215803,"10":0.9920343161,"11":0.9935940504,"12":0.994930923,"13":0.9945967197,"14":0.9923128486,"15":0.9965463281,"16":0.9937611222,"17":0.9974375963,"18":0.9953765869,"19":0.9960449934,"20":0.9964906573,"21":0.9977718592,"22":0.994930923,"23":0.9949866533,"24":0.9955436587,"25":0.9978832603,"26":0.9980503321,"27":0.9972705245,"28":0.9980503321,"29":0.9952094555,"30":0.9978832603,"31":0.9977718592,"32":0.9973819256,"33":0.9973261952,"34":0.9974933267,"35":0.9977718592,"36":0.9964906573,"37":0.9985516667,"38":0.9974933267,"39":0.9987187982,"40":0.9969362617,"41":0.9972147942,"42":0.9993315339,"43":0.9969362617,"44":0.9973261952,"45":0.9998885989,"46":0.9970476627,"47":0.998495996,"48":0.9986073971,"49":0.9987187982,"50":0.9970476627,"51":0.9983288646,"52":0.9989416003,"53":0.9974375963,"54":0.998495996,"55":0.9992758632,"56":0.9979946613,"57":0.9978832603,"58":0.9982174635,"59":0.9983288646,"60":0.9998885989,"61":0.9978832603,"62":0.9973819256,"63":0.9991087317,"64":0.9991087317,"65":0.9976603985,"66":0.9980503321,"67":0.9988859296,"68":0.9991087317,"69":0.9988859296,"70":0.9981060624,"71":0.9989973307,"72":0.9988301992,"73":0.9981060624,"74":0.9997771978,"75":0.9993315339,"76":0.9973819256,"77":0.9989973307,"78":0.9998885989,"79":0.9978275299,"80":0.9989973307,"81":0.9991087317,"82":0.9982174635,"83":0.9984402657,"84":0.9996657968,"85":1.0,"86":0.9981060624,"87":0.9977718592,"88":0.9990530014,"89":0.998495996,"90":0.9993315339,"91":0.9985516667,"92":0.9998885989,"93":0.9999442697,"94":0.9976047277,"95":0.9992201328,"96":0.9992758632,"97":0.998495996,"98":0.9992758632,"99":0.9998885989},"specificity":{"0":0.9613413811,"1":0.9809213281,"2":0.9880514741,"3":0.9900846481,"4":0.9941232204,"5":0.9946523905,"6":0.9938725233,"7":0.9961285591,"8":0.9967412949,"9":0.995905757,"10":0.9961007237,"11":0.9968526959,"12":0.997521162,"13":0.9973261952,"14":0.9962121248,"15":0.9983010292,"16":0.9968805909,"17":0.9987187982,"18":0.9976882935,"19":0.998078227,"20":0.9982452989,"21":0.9988859296,"22":0.9974933267,"23":0.997521162,"24":0.9977996945,"25":0.9989416003,"26":0.999025166,"27":0.9986631274,"28":0.9990530014,"29":0.9976603985,"30":0.9989694953,"31":0.9988859296,"32":0.9987187982,"33":0.9987466335,"34":0.9987466335,"35":0.9988859296,"36":0.9983010292,"37":0.9992758632,"38":0.9987466335,"39":0.9993594289,"40":0.998495996,"41":0.9986631274,"42":0.9996936321,"43":0.9984681606,"44":0.9986909628,"45":0.9999442697,"46":0.9985516667,"47":0.9992479682,"48":0.9993315339,"49":0.9993594289,"50":0.9985238314,"51":0.9991644621,"52":0.9994986653,"53":0.9988023639,"54":0.9992758632,"55":0.9996657968,"56":0.9989973307,"57":0.9989416003,"58":0.9991365671,"59":0.9991644621,"60":0.9999442697,"61":0.9989694953,"62":0.9987187982,"63":0.9995543957,"64":0.999582231,"65":0.9988301992,"66":0.999025166,"67":0.999442935,"68":0.9995543957,"69":0.999442935,"70":0.9990530014,"71":0.9994986653,"72":0.999442935,"73":0.9990530014,"74":0.9999164343,"75":0.9996657968,"76":0.9987187982,"77":0.9994986653,"78":0.9999442697,"79":0.998913765,"80":0.9994986653,"81":0.9995543957,"82":0.9991087317,"83":0.9992201328,"84":0.9998328686,"85":1.0,"86":0.9990530014,"87":0.9989416003,"88":0.999582231,"89":0.9992758632,"90":0.9996657968,"91":0.9992758632,"92":0.9999721646,"93":0.9999721646,"94":0.9988580942,"95":0.9996100664,"96":0.9996379018,"97":0.9992479682,"98":0.9996379018,"99":0.9999442697},"val_loss":{"0":0.4321666658,"1":0.2182323784,"2":0.4218553305,"3":0.1739809066,"4":0.4805285335,"5":0.350505352,"6":0.2571784854,"7":0.2426973283,"8":0.8369024396,"9":0.2734664381,"10":0.2233302444,"11":0.2264799178,"12":0.1985742599,"13":0.2141478956,"14":0.2603776753,"15":0.4748188853,"16":0.2276845425,"17":0.2385352254,"18":0.2766591907,"19":0.2162583619,"20":0.2842901945,"21":0.2487686127,"22":0.2417859882,"23":0.2600292265,"24":0.2001717836,"25":0.2299060673,"26":0.2415117472,"27":0.4860201776,"28":0.2444384247,"29":0.181577757,"30":0.7676205635,"31":0.2799317539,"32":0.372025311,"33":0.3175249398,"34":0.2432880551,"35":0.3621490598,"36":0.3671405911,"37":0.2613139749,"38":0.2539508939,"39":0.2623082101,"40":0.2455599308,"41":0.381983459,"42":0.3337322176,"43":0.2990826368,"44":0.2699562311,"45":0.2599648535,"46":0.2622201145,