{"loss":{"0":0.9269040227,"1":0.3682255745,"2":0.2625604868,"3":0.2133652419,"4":0.1856986135,"5":0.1625869125,"6":0.1496658027,"7":0.133234337,"8":0.1247873828,"9":0.1119033247,"10":0.1004152447,"11":0.0961314216,"12":0.0843333825,"13":0.0721464604,"14":0.0660820603,"15":0.061901696,"16":0.0599151179,"17":0.0470621511,"18":0.0512523167,"19":0.0381042026,"20":0.0367351547,"21":0.0358227119,"22":0.0267000757,"23":0.0325926058,"24":0.0288332626,"25":0.0221217182,"26":0.0290955044,"27":0.0184024423,"28":0.0203373786,"29":0.0242549758,"30":0.0177433845,"31":0.0214834884,"32":0.0269875042,"33":0.0167478342,"34":0.0165168811,"35":0.0165385175,"36":0.0148972739,"37":0.0207496025,"38":0.0138122607,"39":0.0160233583,"40":0.0136307338,"41":0.0148474975,"42":0.01203008,"43":0.0112709403,"44":0.0136350207,"45":0.02015399,"46":0.0091733905,"47":0.0134880375,"48":0.0124982949,"49":0.0145646622,"50":0.0128413709,"51":0.0086608669,"52":0.0111191077,"53":0.0161799658,"54":0.0100925071,"55":0.0084901303,"56":0.0160251986,"57":0.0135322455,"58":0.0082703689,"59":0.0105019221,"60":0.0100240018,"61":0.0144842574,"62":0.0132310241,"63":0.0106277913,"64":0.010690392,"65":0.0077868104,"66":0.0079328176,"67":0.0143288104,"68":0.0109361792,"69":0.0123594804,"70":0.0110716242,"71":0.0108440891,"72":0.0104160188,"73":0.0183157306,"74":0.0075046127,"75":0.0080245808,"76":0.0067937835,"77":0.0098018851,"78":0.0086628469,"79":0.0168656614,"80":0.007740688,"81":0.0056815073,"82":0.0165285692,"83":0.002400825,"84":0.0140880616,"85":0.006362305,"86":0.0173405092,"87":0.0073691425,"88":0.012549472,"89":0.0065370882,"90":0.0069289333,"91":0.0110557256,"92":0.0077988687,"93":0.0056644753,"94":0.0108612943,"95":0.006522147,"96":0.005323498,"97":0.0133127142,"98":0.0048646675,"99":0.0157466102},"accuracy":{"0":0.5301359296,"1":0.8621880412,"2":0.9024063945,"3":0.9214015007,"4":0.932987988,"5":0.941065073,"6":0.9464683533,"7":0.9528743029,"8":0.9551025033,"9":0.9603386521,"10":0.9649621248,"11":0.9649621248,"12":0.9713124037,"13":0.9752673507,"14":0.9776626825,"15":0.978888154,"16":0.9791109562,"17":0.9842914343,"18":0.982453227,"19":0.9870766401,"20":0.9871880412,"21":0.987410903,"22":0.9909759164,"23":0.9879122376,"24":0.9895276427,"25":0.9927584529,"26":0.989861846,"27":0.9940953851,"28":0.9927027822,"29":0.9914772511,"30":0.9940396547,"31":0.9932597876,"32":0.9918671846,"33":0.9940396547,"34":0.994930923,"35":0.9938725233,"36":0.9950423241,"37":0.9933711886,"38":0.9958221912,"39":0.994373858,"40":0.9951537251,"41":0.9944853187,"42":0.9957107902,"43":0.9960449934,"44":0.9959335923,"45":0.9935940504,"46":0.9968805909,"47":0.9958221912,"48":0.9965463281,"49":0.9953765869,"50":0.9958221912,"51":0.9971590638,"52":0.9965463281,"53":0.9950423241,"54":0.9967134595,"55":0.9975489974,"56":0.9953765869,"57":0.9963792562,"58":0.996991992,"59":0.9966577291,"60":0.9971033931,"61":0.9959335923,"62":0.9959335923,"63":0.9969362617,"64":0.9973261952,"65":0.9976603985,"66":0.9973261952,"67":0.9966020584,"68":0.9967691898,"69":0.9963792562,"70":0.9963792562,"71":0.9968805909,"72":0.9969362617,"73":0.9961563945,"74":0.9976603985,"75":0.9971033931,"76":0.9978832603,"77":0.9967691898,"78":0.9970476627,"79":0.9962121248,"80":0.9980503321,"81":0.997938931,"82":0.9952651262,"83":0.9993872643,"84":0.9958221912,"85":0.9978832603,"86":0.9945409894,"87":0.997938931,"88":0.9968248606,"89":0.9981060624,"90":0.9979946613,"91":0.9967134595,"92":0.9977718592,"93":0.998495996,"94":0.9971590638,"95":0.9981617928,"96":0.9983288646,"97":0.9974933267,"98":0.9986631274,"99":0.9963235259},"sensitivity":{"0":0.2704434097,"1":0.8498217463,"2":0.8983957171,"3":0.9188948274,"4":0.9312054515,"5":0.9399510026,"6":0.9456328154,"7":0.952038765,"8":0.9544340372,"9":0.9600601792,"10":0.9647393227,"11":0.9646835923,"12":0.9711452723,"13":0.9750445485,"14":0.9774955511,"15":0.9785539508,"16":0.9789995551,"17":0.9842357635,"18":0.982341826,"19":0.9869095087,"20":0.9870209694,"21":0.9873551726,"22":0.9909759164,"23":0.9878565073,"24":0.9893048406,"25":0.9927027822,"26":0.9898061752,"27":0.9940396547,"28":0.9927027822,"29":0.99136585,"30":0.9940396547,"31":0.9932041168,"32":0.9918115139,"33":0.993983984,"34":0.994930923,"35":0.9938168526,"36":0.9949866533,"37":0.9933711886,"38":0.9958221912,"39":0.994373858,"40":0.9951537251,"41":0.9944853187,"42":0.9956550598,"43":0.9959893227,"44":0.9958779216,"45":0.9935940504,"46":0.9968248606,"47":0.9958221912,"48":0.9965463281,"49":0.9953765869,"50":0.9958221912,"51":0.9971033931,"52":0.9965463281,"53":0.9949866533,"54":0.9967134595,"55":0.9975489974,"56":0.9953765869,"57":0.9963792562,"58":0.9968805909,"59":0.9966577291,"60":0.9970476627,"61":0.9959335923,"62":0.9959335923,"63":0.9969362617,"64":0.9972705245,"65":0.9976603985,"66":0.9973261952,"67":0.9966020584,"68":0.9967134595,"69":0.9963792562,"70":0.9963792562,"71":0.9968805909,"72":0.9969362617,"73":0.9961007237,"74":0.9976603985,"75":0.9971033931,"76":0.9978832603,"77":0.9967691898,"78":0.996991992,"79":0.9961007237,"80":0.9979946613,"81":0.997938931,"82":0.9952094555,"83":0.9993872643,"84":0.9958221912,"85":0.9978275299,"86":0.9942624569,"87":0.997938931,"88":0.9967691898,"89":0.9981060624,"90":0.9979946613,"91":0.9967134595,"92":0.9977718592,"93":0.9984402657,"94":0.9971590638,"95":0.9981617928,"96":0.9982731938,"97":0.9974375963,"98":0.9986631274,"99":0.9962677956},"specificity":{"0":0.9564672709,"1":0.9377506971,"2":0.9541276693,"3":0.9621211886,"4":0.9673852324,"5":0.9711731076,"6":0.9738747478,"7":0.9766878486,"8":0.9778854847,"9":0.9803364277,"10":0.9826202989,"11":0.9827038646,"12":0.9858511686,"13":0.9877172709,"14":0.9890263081,"15":0.9895833135,"16":0.9895554781,"17":0.9921735525,"18":0.9913380146,"19":0.9935383201,"20":0.9937054515,"21":0.9937611222,"22":0.995487988,"23":0.993956089,"24":0.9948195219,"25":0.9964070916,"26":0.9949587584,"27":0.9970755577,"28":0.9963513613,"29":0.9957664609,"30":0.9970476627,"31":0.9966856241,"32":0.9959614277,"33":0.9970476627,"34":0.9974933267,"35":0.9969362617,"36":0.997521162,"37":0.9966856241,"38":0.997938931,"39":0.9971869588,"40":0.9976047277,"41":0.9972705245,"42":0.9978832603,"43":0.9980224967,"44":0.9979946613,"45":0.9968248606,"46":0.9984402657,"47":0.997938931,"48":0.9982731938,"49":0.9976882935,"50":0.9979110956,"51":0.9985795617,"52":0.9982731938,"53":0.9975489974,"54":0.9983566999,"55":0.9988301992,"56":0.9976882935,"57":0.9981896281,"58":0.998495996,"59":0.9983566999,"60":0.9985516667,"61":0.9979946613,"62":0.997966826,"63":0.998495996,"64":0.9986631274,"65":0.9988301992,"66":0.9986631274,"67":0.9983010292,"68":0.9984124303,"69":0.9981896281,"70":0.9982174635,"71":0.9984402657,"72":0.9984681606,"73":0.9981896281,"74":0.9988301992,"75":0.9985516667,"76":0.9989416003,"77":0.9984124303,"78":0.9985516667,"79":0.9981896281,"80":0.999025166,"81":0.9989694953,"82":0.9976882935,"83":0.9996936321,"84":0.997938931,"85":0.9989416003,"86":0.9973540306,"87":0.9989973307,"88":0.9984402657,"89":0.9990530014,"90":0.9989973307,"91":0.9983845949,"92":0.998913765,"93":0.9992479682,"94":0.9986073971,"95":0.9990808964,"96":0.9991644621,"97":0.9987466335,"98":0.9993315339,"99":0.9981896281},"val_loss":{"0":0.5130337477,"1":0.2763203979,"2":0.2488187999,"3":0.20028615,"4":0.1776722819,"5":0.164852351,"6":0.16251266,"7":0.18001993,"8":0.1505747139,"9":0.1561309844,"10":0.1653207093,"11":0.1736782491,"12":0.167519331,"13":0.2634862065,"14":0.2407352924,"15":0.3074984252,"16":0.1972829998,"17":0.2571162581,"18":0.1842989177,"19":0.2148095071,"20":0.2828572989,"21":0.2298096567,"22":0.3190707862,"23":0.2407950461,"24":0.2929073274,"25":0.2495144755,"26":0.2395195514,"27":0.2819802761,"28":0.2493665516,"29":0.25608778,"30":0.3032220006,"31":0.229394123,"32":0.301142931,"33":0.301993221,"34":0.3202868998,"35":0.3088075817,"36":0.3522800505,"37":0.2475322783,"38":0.2436982244,"39":0.2590629458,"40":0.3125939667,"41":0.3580922186,"42":0.3232773542,"43":0.3081384599,"44":0.3578270972,"45":0.2961164117,