{"loss":{"0":0.6730002761,"1":0.3010044992,"2":0.2221056521,"3":0.2001783848,"4":0.161600396,"5":0.1518157274,"6":0.1325196028,"7":0.1321419626,"8":0.1160216033,"9":0.107820861,"10":0.0934084132,"11":0.0876863971,"12":0.0801824257,"13":0.0701111853,"14":0.0618550032,"15":0.0548501909,"16":0.0515608452,"17":0.0454693846,"18":0.0401624478,"19":0.040305946,"20":0.0398832262,"21":0.0326759294,"22":0.0295289215,"23":0.0269591901,"24":0.0270888917,"25":0.0337432101,"26":0.0264252946,"27":0.0253647342,"28":0.0195229594,"29":0.0222173277,"30":0.0231513474,"31":0.0169154722,"32":0.0186008755,"33":0.0191239007,"34":0.0173502248,"35":0.0213479847,"36":0.0219939742,"37":0.0102719255,"38":0.0202041008,"39":0.0161726568,"40":0.0147641366,"41":0.0126070715,"42":0.0187916271,"43":0.0083335126,"44":0.0237750709,"45":0.0125464927,"46":0.0165203921,"47":0.0146690458,"48":0.009061737,"49":0.0208587702,"50":0.0095843421,"51":0.0086323582,"52":0.0122081265,"53":0.0095954286,"54":0.0186030138,"55":0.0111862626,"56":0.0076045855,"57":0.0127197141,"58":0.015086703,"59":0.009714053,"60":0.0075253234,"61":0.0171163734,"62":0.0122309066,"63":0.0063299923,"64":0.0116724167,"65":0.0102531975,"66":0.0191668272,"67":0.0061199344,"68":0.0124032516,"69":0.0093018953,"70":0.0117918914,"71":0.008812001,"72":0.0066376338,"73":0.0085680895,"74":0.0138352485,"75":0.0076574031,"76":0.0158739965,"77":0.0092559727,"78":0.0121728405,"79":0.0062046708,"80":0.0075912774,"81":0.0124788098,"82":0.003996925,"83":0.0083211912,"84":0.0123673603,"85":0.0060855215,"86":0.0104016876,"87":0.0097570689,"88":0.0065472126,"89":0.0088185072,"90":0.0004793787,"91":0.009849865,"92":0.0080335401,"93":0.0109427767,"94":0.0099068554,"95":0.0036461363,"96":0.004794281,"97":0.0161248147,"98":0.0085706366,"99":0.0053663566},"accuracy":{"0":0.7030414343,"1":0.8905971646,"2":0.9191733599,"3":0.9299242496,"4":0.9432375431,"5":0.9466911554,"6":0.9548797011,"7":0.9546011686,"8":0.9607285857,"9":0.9635137916,"10":0.9679144621,"11":0.970811069,"12":0.9731506109,"13":0.9759358168,"14":0.9795566201,"15":0.9822303653,"16":0.982453227,"17":0.9844028354,"18":0.9869095087,"19":0.9860739708,"20":0.9866310358,"21":0.9894162416,"22":0.9903631806,"23":0.9902517796,"24":0.9908088446,"25":0.9890819788,"26":0.9911987782,"27":0.99136585,"28":0.9935383201,"29":0.9925356507,"30":0.9928141832,"31":0.9948195219,"32":0.9942067862,"33":0.9938168526,"34":0.994373858,"35":0.9934826493,"36":0.9929812551,"37":0.9968805909,"38":0.9932597876,"39":0.994930923,"40":0.9952094555,"41":0.9958221912,"42":0.9944295883,"43":0.9969362617,"44":0.9919785857,"45":0.9958221912,"46":0.9947637916,"47":0.9952651262,"48":0.996991992,"49":0.9938725233,"50":0.9970476627,"51":0.9971033931,"52":0.9959893227,"53":0.9962121248,"54":0.9942624569,"55":0.9957664609,"56":0.9971033931,"57":0.9969362617,"58":0.9956550598,"59":0.9966020584,"60":0.9975489974,"61":0.9948752522,"62":0.9958779216,"63":0.9981617928,"64":0.9966577291,"65":0.9968805909,"66":0.9941510558,"67":0.9981617928,"68":0.9961563945,"69":0.9970476627,"70":0.9965463281,"71":0.9973261952,"72":0.9981617928,"73":0.9972147942,"74":0.9952651262,"75":0.9973819256,"76":0.9960449934,"77":0.9976047277,"78":0.9962121248,"79":0.997938931,"80":0.9977161288,"81":0.9969362617,"82":0.9987745285,"83":0.9973819256,"84":0.9967691898,"85":0.9982174635,"86":0.9965463281,"87":0.9970476627,"88":0.9980503321,"89":0.9974933267,"90":0.9998885989,"91":0.9972705245,"92":0.9974375963,"93":0.9966020584,"94":0.9973819256,"95":0.9988301992,"96":0.9985516667,"97":0.9953765869,"98":0.9976047277,"99":0.9981060624},"sensitivity":{"0":0.5863970518,"1":0.884581089,"2":0.9172794223,"3":0.9283088446,"4":0.9421791434,"5":0.9457998872,"6":0.9543226361,"7":0.9538213015,"8":0.9602272511,"9":0.9630124569,"10":0.9675245285,"11":0.9705325365,"12":0.9728720784,"13":0.9756572843,"14":0.9794451594,"15":0.9820632935,"16":0.9823974967,"17":0.9841243029,"18":0.9866310358,"19":0.9858511686,"20":0.9864639044,"21":0.9891377091,"22":0.9901960492,"23":0.9901960492,"24":0.9908088446,"25":0.9890263081,"26":0.9911430478,"27":0.9913101792,"28":0.993426919,"29":0.9923685193,"30":0.9927027822,"31":0.9948195219,"32":0.9941510558,"33":0.9936497211,"34":0.9942067862,"35":0.9933711886,"36":0.992869854,"37":0.9968805909,"38":0.9931483865,"39":0.9948752522,"40":0.9950980544,"41":0.9958221912,"42":0.9944295883,"43":0.9969362617,"44":0.9919785857,"45":0.9957664609,"46":0.9947637916,"47":0.9952651262,"48":0.9969362617,"49":0.9938725233,"50":0.9970476627,"51":0.9971033931,"52":0.9959335923,"53":0.9962121248,"54":0.9942067862,"55":0.9957107902,"56":0.9971033931,"57":0.9969362617,"58":0.9956550598,"59":0.9966020584,"60":0.9975489974,"61":0.9947637916,"62":0.9958221912,"63":0.9981617928,"64":0.9966020584,"65":0.9968248606,"66":0.9941510558,"67":0.9981617928,"68":0.9961007237,"69":0.9970476627,"70":0.9965463281,"71":0.9973261952,"72":0.9981617928,"73":0.9972147942,"74":0.9952651262,"75":0.9973261952,"76":0.9959893227,"77":0.9975489974,"78":0.9961563945,"79":0.997938931,"80":0.9977161288,"81":0.9968805909,"82":0.9987745285,"83":0.9973819256,"84":0.9967134595,"85":0.9982174635,"86":0.9965463281,"87":0.996991992,"88":0.9980503321,"89":0.9973819256,"90":0.9998885989,"91":0.9972147942,"92":0.9974375963,"93":0.9966020584,"94":0.9973261952,"95":0.9988301992,"96":0.9985516667,"97":0.9953765869,"98":0.9974375963,"99":0.9981060624},"specificity":{"0":0.9267212749,"1":0.9486408234,"2":0.9608400464,"3":0.9659369588,"4":0.9721201062,"5":0.9738747478,"6":0.9777740836,"7":0.9776347876,"8":0.9806149602,"9":0.981896162,"10":0.9840964675,"11":0.9857118726,"12":0.986853838,"13":0.9880236387,"14":0.9898896813,"15":0.9911987782,"16":0.9913380146,"17":0.9923406839,"18":0.9935104847,"19":0.9931205511,"20":0.9933990836,"21":0.9947637916,"22":0.9952372909,"23":0.9951816201,"24":0.995460093,"25":0.9945688248,"26":0.9956272244,"27":0.9957943559,"28":0.9968526959,"29":0.9962677956,"30":0.9964906573,"31":0.9974375963,"32":0.9971312284,"33":0.9969084263,"34":0.9971869588,"35":0.9967691898,"36":0.9965463281,"37":0.9984402657,"38":0.9966298938,"39":0.997521162,"40":0.9976325631,"41":0.9979110956,"42":0.9972147942,"43":0.9984681606,"44":0.996017158,"45":0.9979110956,"46":0.997409761,"47":0.9976603985,"48":0.9985238314,"49":0.996991992,"50":0.9985238314,"51":0.9985795617,"52":0.9980224967,"53":0.9981060624,"54":0.9971869588,"55":0.9979110956,"56":0.9985516667,"57":0.9984681606,"58":0.9978275299,"59":0.9983288646,"60":0.9988301992,"61":0.9974933267,"62":0.997966826,"63":0.9990808964,"64":0.9983566999,"65":0.9984681606,"66":0.9971590638,"67":0.9990808964,"68":0.998078227,"69":0.9985238314,"70":0.9983010292,"71":0.9987187982,"72":0.9990808964,"73":0.9986352324,"74":0.9976325631,"75":0.9987187982,"76":0.9980224967,"77":0.9988301992,"78":0.9981338978,"79":0.9989973307,"80":0.9988859296,"81":0.9984681606,"82":0.9993872643,"83":0.9986909628,"84":0.9984124303,"85":0.9991087317,"86":0.9982731938,"87":0.9985795617,"88":0.999025166,"89":0.9987466335,"90":0.9999442697,"91":0.9986631274,"92":0.9987187982,"93":0.9983010292,"94":0.9987187982,"95":0.9994150996,"96":0.9992758632,"97":0.9976882935,"98":0.9988301992,"99":0.9990530014},"val_loss":{"0":0.3498248458,"1":0.2759724557,"2":0.2037325948,"3":0.1844329238,"4":0.1730616242,"5":0.160046041,"6":0.1562840939,"7":0.1508402228,"8":0.1426106989,"9":0.152861014,"10":0.1530514956,"11":0.17146267,"12":0.2760697901,"13":0.2157867998,"14":0.2589280903,"15":0.2567010522,"16":0.2702755928,"17":0.2032550871,"18":0.1952951849,"19":0.2151617408,"20":0.2136728913,"21":0.2039994597,"22":0.2092217803,"23":0.2275855094,"24":0.2268013954,"25":0.243303299,"26":0.2233976871,"27":0.2525636852,"28":0.2220165581,"29":0.2257362753,"30":0.2918228507,"31":0.2440423518,"32":0.3193311393,"33":0.2522239685,"34":0.2690165043,"35":0.2611240745,"36":0.2130462378,"37":0.2375378311,"38":0.3049252331,"39":0.3598173857,"40":0.3617236316,"41":0.4118888974,"42":0.2525193691,"43":0.391426146,"44":0.3160522282,