{"loss":{"0":0.2025067061},"accuracy":{"0":0.9261522293},"sensitivity":{"0":0.9196054339},"specificity":{"0":0.9671569467},"val_loss":{"0":0.1929771453},"val_accuracy":{"0":0.936331749},"val_sensitivity":{"0":0.9331191778},"val_specificity":{"0":0.9691880941}}