{"loss":{"0":0.4461603761,"1":0.2248723656,"2":0.1676027924,"3":0.1406138539,"4":0.1312490851,"5":0.1165345684,"6":0.1022591516,"7":0.1015888229,"8":0.0895967335,"9":0.0739469305,"10":0.0674128979,"11":0.058318451,"12":0.054162994,"13":0.0478825718,"14":0.0468495451,"15":0.0382604524,"16":0.0388703793,"17":0.0304442625,"18":0.0293792915,"19":0.0268982891,"20":0.0253269523,"21":0.0183265693,"22":0.0233082585,"23":0.0182824079,"24":0.0174672436,"25":0.0190347321,"26":0.0141116809,"27":0.0208081249,"28":0.0141834049,"29":0.0169679187,"30":0.0148675246,"31":0.0130802272,"32":0.0144286267,"33":0.017517563,"34":0.0096408138,"35":0.0091262395,"36":0.0082011539,"37":0.013344028,"38":0.015334391,"39":0.0084938463,"40":0.0094302064,"41":0.0112360828,"42":0.0158545319,"43":0.0090320734,"44":0.0116888247,"45":0.0074644582,"46":0.0131734964,"47":0.0063976459,"48":0.0090052728,"49":0.0069835209,"50":0.012904631,"51":0.0062571592,"52":0.0041742953,"53":0.0113691986,"54":0.0133913709,"55":0.0084832199,"56":0.0091056349,"57":0.0053321458,"58":0.0122538609,"59":0.0040828022,"60":0.0067185275,"61":0.0101446742,"62":0.0054153753,"63":0.010177549,"64":0.0041464199,"65":0.0035127474,"66":0.0167090222,"67":0.0060483841,"68":0.0080521908,"69":0.0023845306,"70":0.0049450323,"71":0.014583013,"72":0.0090695973,"73":0.0042258161,"74":0.0058052512,"75":0.0039338577,"76":0.009834107,"77":0.0050688931,"78":0.002385427,"79":0.0094053196,"80":0.0112170996,"81":0.0027151154,"82":0.0095419604,"83":0.0084869005,"84":0.0094287647,"85":0.0031560257,"86":0.0032424808,"87":0.0061634965,"88":0.0045294226,"89":0.0039379937,"90":0.0104845604,"91":0.0076834694,"92":0.0050106063,"93":0.0042310059,"94":0.00279354,"95":0.0129053276,"96":0.0028851782,"97":0.0043287654,"98":0.0064458433,"99":0.0294401888},"accuracy":{"0":0.8187388778,"1":0.9196189642,"2":0.9398952723,"3":0.951203227,"4":0.9546568394,"5":0.9595031142,"6":0.9646835923,"7":0.9644050598,"8":0.9681372643,"9":0.975323081,"10":0.9751002789,"11":0.9788324237,"12":0.9806149602,"13":0.9837344289,"14":0.9828431606,"15":0.9866867065,"16":0.9866867065,"17":0.988914907,"18":0.9896390438,"19":0.9910873175,"20":0.991922915,"21":0.9943181872,"22":0.9925356507,"23":0.9940396547,"24":0.9940953851,"25":0.9940953851,"26":0.9949866533,"27":0.9927027822,"28":0.9950423241,"29":0.9944853187,"30":0.9955993891,"31":0.9955436587,"32":0.995487988,"33":0.994373858,"34":0.9971033931,"35":0.9971590638,"36":0.9975489974,"37":0.9952651262,"38":0.994930923,"39":0.9972147942,"40":0.996991992,"41":0.9959893227,"42":0.9952651262,"43":0.996991992,"44":0.9963792562,"45":0.9976047277,"46":0.9957664609,"47":0.9978832603,"48":0.996991992,"49":0.9972147942,"50":0.9960449934,"51":0.9973819256,"52":0.9986073971,"53":0.9964906573,"54":0.9953765869,"55":0.9981060624,"56":0.996991992,"57":0.9986631274,"58":0.9961007237,"59":0.9987745285,"60":0.9977161288,"61":0.9967134595,"62":0.9980503321,"63":0.9967134595,"64":0.9986631274,"65":0.9988859296,"66":0.9952094555,"67":0.9977718592,"68":0.9975489974,"69":0.9993872643,"70":0.997938931,"71":0.9954322577,"72":0.9972705245,"73":0.9986631274,"74":0.9977718592,"75":0.9991087317,"76":0.9972705245,"77":0.9984402657,"78":0.9992758632,"79":0.9974933267,"80":0.9968248606,"81":0.9991087317,"82":0.9971033931,"83":0.9977718592,"84":0.9972147942,"85":0.9987745285,"86":0.9987187982,"87":0.9983288646,"88":0.9986073971,"89":0.9986073971,"90":0.9971033931,"91":0.9977718592,"92":0.9986073971,"93":0.9986073971,"94":0.9991087317,"95":0.9966020584,"96":0.9991644621,"97":0.9983845949,"98":0.9977718592,"99":0.9937611222},"sensitivity":{"0":0.7677139044,"1":0.9162767529,"2":0.9382241368,"3":0.9502005577,"4":0.9540441036,"5":0.9583890438,"6":0.9641265869,"7":0.9636252522,"8":0.9681372643,"9":0.9750445485,"10":0.9749331474,"11":0.9787767529,"12":0.9804478884,"13":0.9836229682,"14":0.9826760292,"15":0.9865196347,"16":0.9864639044,"17":0.9888034463,"18":0.9894719124,"19":0.9910873175,"20":0.9918671846,"21":0.9942624569,"22":0.9924799204,"23":0.9940396547,"24":0.9940396547,"25":0.993983984,"26":0.9949866533,"27":0.9927027822,"28":0.9949866533,"29":0.9943181872,"30":0.9955993891,"31":0.9955436587,"32":0.9954322577,"33":0.994373858,"34":0.9971033931,"35":0.9971590638,"36":0.9975489974,"37":0.9952094555,"38":0.9948752522,"39":0.9972147942,"40":0.996991992,"41":0.9959893227,"42":0.9952094555,"43":0.996991992,"44":0.9963792562,"45":0.9976047277,"46":0.9957107902,"47":0.9978832603,"48":0.996991992,"49":0.9972147942,"50":0.9959893227,"51":0.9973819256,"52":0.9986073971,"53":0.9964906573,"54":0.9953765869,"55":0.9980503321,"56":0.996991992,"57":0.9986073971,"58":0.9961007237,"59":0.9987745285,"60":0.9977161288,"61":0.9967134595,"62":0.9980503321,"63":0.9966577291,"64":0.9986631274,"65":0.9988859296,"66":0.9952094555,"67":0.9976603985,"68":0.9975489974,"69":0.9993872643,"70":0.997938931,"71":0.9953765869,"72":0.9972147942,"73":0.9986631274,"74":0.9977718592,"75":0.9991087317,"76":0.9972705245,"77":0.9984402657,"78":0.9992758632,"79":0.9974933267,"80":0.9968248606,"81":0.9991087317,"82":0.9970476627,"83":0.9977161288,"84":0.9972147942,"85":0.9987745285,"86":0.9987187982,"87":0.9982731938,"88":0.9986073971,"89":0.9985516667,"90":0.9971033931,"91":0.9977718592,"92":0.9986073971,"93":0.9986073971,"94":0.9991087317,"95":0.9965463281,"96":0.9991644621,"97":0.9983288646,"98":0.9977161288,"99":0.9935383201},"specificity":{"0":0.9423183799,"1":0.9620933533,"2":0.9709224701,"3":0.9760751128,"4":0.9778297544,"5":0.9800857902,"6":0.9825088978,"7":0.9825646281,"8":0.9843192697,"9":0.987800777,"10":0.9876615405,"11":0.9895276427,"12":0.990391016,"13":0.9919507504,"14":0.9915329814,"15":0.9933711886,"16":0.993426919,"17":0.9944853187,"18":0.9948473573,"19":0.9955715537,"20":0.9959614277,"21":0.9971590638,"22":0.9962677956,"23":0.9970476627,"24":0.9971312284,"25":0.9971312284,"26":0.997521162,"27":0.9963792562,"28":0.9975489974,"29":0.9972426295,"30":0.9978275299,"31":0.9977718592,"32":0.9977439642,"33":0.9971869588,"34":0.9985516667,"35":0.9986073971,"36":0.9987745285,"37":0.9976325631,"38":0.9974654913,"39":0.9986073971,"40":0.9985238314,"41":0.9979946613,"42":0.9976603985,"43":0.9985238314,"44":0.9982452989,"45":0.9988301992,"46":0.9978832603,"47":0.9989416003,"48":0.998495996,"49":0.9986631274,"50":0.9980224967,"51":0.9987187982,"52":0.9993036985,"53":0.9982452989,"54":0.9977161288,"55":0.9990530014,"56":0.998495996,"57":0.9993315339,"58":0.9981338978,"59":0.9993872643,"60":0.9988859296,"61":0.9983845949,"62":0.999025166,"63":0.9983566999,"64":0.9993315339,"65":0.999442935,"66":0.9976603985,"67":0.9988859296,"68":0.9987745285,"69":0.9996936321,"70":0.9989694953,"71":0.9977161288,"72":0.9986352324,"73":0.9993594289,"74":0.9988859296,"75":0.9995543957,"76":0.9986352324,"77":0.9992201328,"78":0.9996379018,"79":0.9987745285,"80":0.9984124303,"81":0.999582231,"82":0.9985795617,"83":0.998913765,"84":0.9986073971,"85":0.9993872643,"86":0.9993594289,"87":0.9991644621,"88":0.9993036985,"89":0.9993036985,"90":0.9985795617,"91":0.9988859296,"92":0.9993036985,"93":0.9993036985,"94":0.9995543957,"95":0.9983010292,"96":0.999582231,"97":0.9992201328,"98":0.9988859296,"99":0.9969362617},"val_loss":{"0":0.3002383113,"1":0.220211193,"2":0.1728613675,"3":0.1517040282,"4":0.1545972079,"5":0.1622406542,"6":0.2244008034,"7":0.1599675268,"8":0.2254971117,"9":0.2352553159,"10":0.1584383547,"11":0.1994400024,"12":0.2299280018,"13":0.2129537165,"14":0.2249306589,"15":0.3083583415,"16":0.2954339981,"17":0.2833432257,"18":0.24753353,"19":0.2666685581,"20":0.2522069216,"21":0.2576112747,"22":0.2383908778,"23":0.2431512326,"24":0.2463471293,"25":0.4507605433,"26":0.2485616803,"27":0.2272460759,"28":0.2181613743,"29":0.2191327065,"30":0.2926148176,"31":0.3550878167,"32":0.2851275802,"33":0.2213987261,"34":0.236788556,"35":0.2761129141,"36":0.2686330974,"37":0.3678599596,"38":0.2195000499,"39":0.3604505062,"40":0.4285249114,"41":0.3535327315,"42":0.2879744172,"43":0.2582696378,"44":0.3625612557,"45":0.4632798731,