{"loss":{"0":0.2309202105},"accuracy":{"0":0.9118204117},"sensitivity":{"0":0.8954991102},"specificity":{"0":0.9668003321},"val_loss":{"0":0.8661946654},"val_accuracy":{"0":0.7686915994},"val_sensitivity":{"0":0.7625584006},"val_specificity":{"0":0.8869742751}}