{"loss":{"0":0.2102093548,"1":0.0940165147,"2":0.0617249645,"3":0.0467664972,"4":0.029141061,"5":0.0247111097,"6":0.0214415193,"7":0.0187197421,"8":0.0200412031,"9":0.0127274571,"10":0.0092940759,"11":0.0167607628,"12":0.0133205187,"13":0.0141178416,"14":0.014051483,"15":0.0059658424,"16":0.0073684915,"17":0.0148541322,"18":0.0113466308,"19":0.0098526273,"20":0.0063324603,"21":0.0061065131,"22":0.0156300161,"23":0.0055501289,"24":0.0089461682,"25":0.0082418937,"26":0.0080395183,"27":0.0031468715,"28":0.0077662375,"29":0.0069736354,"30":0.0097148232,"31":0.003756725,"32":0.0048901928,"33":0.008328327,"34":0.0076016379,"35":0.006808951,"36":0.002232396,"37":0.0050818948,"38":0.0031327032,"39":0.0105586769,"40":0.0057029692,"41":0.0027853108,"42":0.0003995453,"43":0.0079955477,"44":0.0062832967,"45":0.0074399807,"46":0.0059892181,"47":0.0041308547,"48":0.0030201625,"49":0.0045761322,"50":0.0016657278,"51":0.0029774711,"52":0.0056866338,"53":0.0095286975,"54":0.0038347039,"55":0.0056540533,"56":0.0010921803,"57":0.0002039821,"58":0.0000690565,"59":0.0000205198,"60":0.0000117425,"61":0.0000072128,"62":0.0000040573,"63":0.0000035972,"64":0.0000022937,"65":0.0000017211,"66":0.0000014784,"67":0.0000009447,"68":0.0000007015,"69":0.0000005753,"70":0.0000003963,"71":0.0000002565,"72":0.000000217,"73":0.0000001736,"74":0.0000001193,"75":0.0000000966,"76":0.0000000695,"77":0.0000000499,"78":0.000000039,"79":0.0000000348,"80":0.0000000253,"81":0.0000000192,"82":0.0000000171,"83":0.0000000113,"84":0.0000000093,"85":0.0000000082,"86":0.0000000058,"87":0.0000000039,"88":0.0000000039,"89":0.0000000033,"90":0.0000000023,"91":0.0000000022,"92":0.0000000014,"93":0.000000001,"94":0.000000001,"95":0.000000001,"96":0.0000000008,"97":0.0000000006,"98":0.0000000005,"99":0.0000000004},"accuracy":{"0":0.922961235,"1":0.9671345949,"2":0.97738415,"3":0.9832330942,"4":0.989861846,"5":0.9911987782,"6":0.9923685193,"7":0.9929255843,"8":0.9926470518,"9":0.9958221912,"10":0.9971033931,"11":0.9943181872,"12":0.9958779216,"13":0.9962121248,"14":0.9948752522,"15":0.9979946613,"16":0.9978275299,"17":0.9948195219,"18":0.9958779216,"19":0.9964906573,"20":0.9981060624,"21":0.9976047277,"22":0.9954322577,"23":0.997938931,"24":0.9973261952,"25":0.9972705245,"26":0.9971033931,"27":0.9991087317,"28":0.9973819256,"29":0.9976047277,"30":0.9968248606,"31":0.9986631274,"32":0.997938931,"33":0.9973261952,"34":0.9973261952,"35":0.9978832603,"36":0.9992758632,"37":0.9985516667,"38":0.9988301992,"39":0.9967134595,"40":0.997938931,"41":0.9989416003,"42":0.9998328686,"43":0.9972705245,"44":0.9979946613,"45":0.9975489974,"46":0.9978832603,"47":0.9987187982,"48":0.9986631274,"49":0.9983845949,"50":0.9994986653,"51":0.9990530014,"52":0.9981617928,"53":0.9975489974,"54":0.9986631274,"55":0.9981617928,"56":0.9997214675,"57":1.0,"58":1.0,"59":1.0,"60":1.0,"61":1.0,"62":1.0,"63":1.0,"64":1.0,"65":1.0,"66":1.0,"67":1.0,"68":1.0,"69":1.0,"70":1.0,"71":1.0,"72":1.0,"73":1.0,"74":1.0,"75":1.0,"76":1.0,"77":1.0,"78":1.0,"79":1.0,"80":1.0,"81":1.0,"82":1.0,"83":1.0,"84":1.0,"85":1.0,"86":1.0,"87":1.0,"88":1.0,"89":1.0,"90":1.0,"91":1.0,"92":1.0,"93":1.0,"94":1.0,"95":1.0,"96":1.0,"97":1.0,"98":1.0,"99":1.0},"sensitivity":{"0":0.9125445485,"1":0.9662989974,"2":0.9771056175,"3":0.9828988314,"4":0.989861846,"5":0.9910316467,"6":0.9922571182,"7":0.9929255843,"8":0.9926470518,"9":0.9958221912,"10":0.9971033931,"11":0.9942067862,"12":0.9958779216,"13":0.9961007237,"14":0.9947637916,"15":0.9979946613,"16":0.9977718592,"17":0.9948195219,"18":0.9957664609,"19":0.996434927,"20":0.9981060624,"21":0.9976047277,"22":0.9953765869,"23":0.9978832603,"24":0.9973261952,"25":0.9972705245,"26":0.9971033931,"27":0.9991087317,"28":0.9973819256,"29":0.9976047277,"30":0.9967691898,"31":0.9986631274,"32":0.997938931,"33":0.9973261952,"34":0.9972705245,"35":0.9978275299,"36":0.9992758632,"37":0.9985516667,"38":0.9988301992,"39":0.9966577291,"40":0.997938931,"41":0.9989416003,"42":0.9998328686,"43":0.9972705245,"44":0.9979946613,"45":0.9975489974,"46":0.9978275299,"47":0.9987187982,"48":0.9986631274,"49":0.9983288646,"50":0.9994986653,"51":0.9990530014,"52":0.9981617928,"53":0.9975489974,"54":0.9986073971,"55":0.9981617928,"56":0.9997214675,"57":1.0,"58":1.0,"59":1.0,"60":1.0,"61":1.0,"62":1.0,"63":1.0,"64":1.0,"65":1.0,"66":1.0,"67":1.0,"68":1.0,"69":1.0,"70":1.0,"71":1.0,"72":1.0,"73":1.0,"74":1.0,"75":1.0,"76":1.0,"77":1.0,"78":1.0,"79":1.0,"80":1.0,"81":1.0,"82":1.0,"83":1.0,"84":1.0,"85":1.0,"86":1.0,"87":1.0,"88":1.0,"89":1.0,"90":1.0,"91":1.0,"92":1.0,"93":1.0,"94":1.0,"95":1.0,"96":1.0,"97":1.0,"98":1.0,"99":1.0},"specificity":{"0":0.9673852324,"1":0.9840407968,"2":0.988887012,"3":0.9917557836,"4":0.9949587584,"5":0.9955993891,"6":0.9962121248,"7":0.996574223,"8":0.9964070916,"9":0.9979110956,"10":0.9985516667,"11":0.9971869588,"12":0.997938931,"13":0.9981060624,"14":0.9974375963,"15":0.9989973307,"16":0.998913765,"17":0.997409761,"18":0.997938931,"19":0.9982452989,"20":0.9990530014,"21":0.9988023639,"22":0.9977161288,"23":0.9989694953,"24":0.9986631274,"25":0.9986631274,"26":0.9985516667,"27":0.9995543957,"28":0.9986909628,"29":0.9988023639,"30":0.9984124303,"31":0.9993315339,"32":0.9989694953,"33":0.9986631274,"34":0.9986909628,"35":0.9989694953,"36":0.9996379018,"37":0.9992758632,"38":0.9994150996,"39":0.9983845949,"40":0.9989694953,"41":0.9994986653,"42":0.9999164343,"43":0.9986352324,"44":0.9989973307,"45":0.9988580942,"46":0.9989416003,"47":0.9993594289,"48":0.9993315339,"49":0.9992201328,"50":0.9997493029,"51":0.9995265007,"52":0.9990808964,"53":0.9987745285,"54":0.9993315339,"55":0.9990808964,"56":0.9998607635,"57":1.0,"58":1.0,"59":1.0,"60":1.0,"61":1.0,"62":1.0,"63":1.0,"64":1.0,"65":1.0,"66":1.0,"67":1.0,"68":1.0,"69":1.0,"70":1.0,"71":1.0,"72":1.0,"73":1.0,"74":1.0,"75":1.0,"76":1.0,"77":1.0,"78":1.0,"79":1.0,"80":1.0,"81":1.0,"82":1.0,"83":1.0,"84":1.0,"85":1.0,"86":1.0,"87":1.0,"88":1.0,"89":1.0,"90":1.0,"91":1.0,"92":1.0,"93":1.0,"94":1.0,"95":1.0,"96":1.0,"97":1.0,"98":1.0,"99":1.0},"val_loss":{"0":4.5462040901,"1":0.1586151272,"2":0.1829722822,"3":0.1815959364,"4":0.2015743107,"5":0.1844659746,"6":0.2075603753,"7":0.3003260791,"8":0.2586480975,"9":0.2563412189,"10":0.2053832114,"11":0.2223592848,"12":0.2609111965,"13":1.0700381994,"14":0.2577391565,"15":0.23758246,"16":0.2142193466,"17":0.2811892927,"18":0.2672504187,"19":0.2108664811,"20":0.3596420288,"21":21.0368347168,"22":0.2069786042,"23":0.2825087309,"24":0.3080756366,"25":0.343100667,"26":0.2649093568,"27":0.3629042804,"28":0.195131883,"29":0.4450446963,"30":0.2378583848,"31":0.2723397017,"32":0.2315565795,"33":16.5401344299,"34":0.6306968927,"35":0.1858452111,"36":0.2357840985,"37":0.2364390194,"38":0.3579949439,"39":0.2327896059,"40":0.2572914064,"41":0.2236609608,"42":0.2943860292,"43":0.4008831978,"44":0.2928159237,"45":0.3672005832,"46":0.3206658661,"47":0.2170479447,"48":0.25214535,"49":0.2327402085,"50":0.2633702457,"51":0.5310533643,"52":0.2536515296,"53":0.2779384255,"54":0.3387526274,"55":0.1954365671,"56":0.2604818344,"57":0.2612558007,"58":0.271009922,"59":0.2839332521,"60":0.2890177071,"61":0.2902439535,"62":0.2983400524,"63":0.3061238229,"64":0.3140280247,"65":0.3200255632,"66":0.3214372694,"67":0.3316120207,"68":0.3392065465,"69":0.347922951,"70":0.3509306908,"71":0.3592623174,"72":0.3642152846,"73":0.3718878925,"74":0.3781999648,"75":0.3836064637,"76":0.390506804,"77":0.3961753249,"78":0.4006851315,"79":0.4076556265,"80":0.4126673937,"81":0.4165067971,"82":0.423606813,"83":0.4270896614,"84":0.4337384701,"85":0.4389606416,"86":0.4403464794,"87":0.4465753436,"88":0.4499258101,"89":0.4559102058,"90":0.4591667056,"91":0.4574579,"92":0.4649226367,"93":0.4690404236,"94":0.4701974392,"95":0.4742172956,"96":0.4671753943,"97":0.4793405831,"98":0.4750523865,"99":0.4826968908},"val_accuracy":{"0":0.4442172945,"1":0.9488902092,"2":0.9430490732,"3":0.9523948431,"4":0.9544392228,"5":0.9532710314,"6":0.9579439163,"7":0.9483060837,"8":0.9415887594,