{"loss":{"0":0.2273372561},"accuracy":{"0":0.9178364277},"sensitivity":{"0":0.9029077291},"specificity":{"0":0.9663825631},"val_loss":{"0":4.2664279938},"val_accuracy":{"0":0.4573598206},"val_sensitivity":{"0":0.4556074739},"val_specificity":{"0":0.7294100523}}