{"loss":{"0":0.2344143242,"1":0.107700333,"2":0.0695274025,"3":0.0564883053,"4":0.0401788428,"5":0.0341622271,"6":0.0290398411,"7":0.0306315999,"8":0.0221147183,"9":0.0230867527,"10":0.0178113692,"11":0.0174585357,"12":0.0170837026,"13":0.012549202,"14":0.0197458155,"15":0.0125100333,"16":0.0132155009,"17":0.0142451786,"18":0.010155621,"19":0.0122089246,"20":0.0089351665,"21":0.0140517401,"22":0.0144780986,"23":0.0129203415,"24":0.0081581958,"25":0.0085592028,"26":0.0043974575,"27":0.0155503293,"28":0.0078063165,"29":0.012084635,"30":0.0102895275,"31":0.0113424826,"32":0.0050838972,"33":0.0083805043,"34":0.0067797699,"35":0.0090105394,"36":0.0074930745,"37":0.0047014933,"38":0.0091701075,"39":0.0080686407,"40":0.006981892,"41":0.0063535967,"42":0.0061566974,"43":0.0079060514,"44":0.011047625,"45":0.0061336951,"46":0.0038864983,"47":0.0051281066,"48":0.0064971894,"49":0.0067468765,"50":0.0054012053,"51":0.0035407038,"52":0.0024056262,"53":0.0084483298,"54":0.0066374117,"55":0.006304624,"56":0.0034800756,"57":0.0020142421,"58":0.0046160137,"59":0.0090335403,"60":0.007036346,"61":0.0030746229,"62":0.0030326131,"63":0.0037156306,"64":0.0044991625,"65":0.0072277533,"66":0.0047313413,"67":0.0036772517,"68":0.0040567918,"69":0.0041529979,"70":0.0045201476,"71":0.0057391375,"72":0.0010534952,"73":0.0035275582,"74":0.0072257556,"75":0.0050248783,"76":0.002225196,"77":0.0053402535,"78":0.0024794152,"79":0.0063178008,"80":0.0011028801,"81":0.0049346397,"82":0.0028620048,"83":0.0051986002,"84":0.0040998631,"85":0.0003956807,"86":0.00715379,"87":0.0027153068,"88":0.0032324882,"89":0.0055415193,"90":0.0027657598,"91":0.0042509278,"92":0.0038412018,"93":0.0023449913,"94":0.0031985431,"95":0.0055167796,"96":0.003216581,"97":0.0030166523,"98":0.003122523,"99":0.0010579028},"accuracy":{"0":0.9151069522,"1":0.9622326493,"2":0.9759358168,"3":0.980280757,"4":0.9861297011,"5":0.9885806441,"6":0.9897504449,"7":0.9893605113,"8":0.9928141832,"9":0.9915886521,"10":0.9936497211,"11":0.9940396547,"12":0.994373858,"13":0.9955436587,"14":0.9933711886,"15":0.9955993891,"16":0.9954322577,"17":0.9957107902,"18":0.9966577291,"19":0.9958221912,"20":0.9972147942,"21":0.994930923,"22":0.9954322577,"23":0.9959893227,"24":0.9973261952,"25":0.9971033931,"26":0.9989416003,"27":0.9953765869,"28":0.9975489974,"29":0.9958779216,"30":0.9971590638,"31":0.9968248606,"32":0.9982731938,"33":0.9974933267,"34":0.9975489974,"35":0.9972705245,"36":0.9971033931,"37":0.9983845949,"38":0.9969362617,"39":0.9971590638,"40":0.9982731938,"41":0.9975489974,"42":0.9984402657,"43":0.9974375963,"44":0.9967134595,"45":0.9977718592,"46":0.9986631274,"47":0.9986073971,"48":0.9978832603,"49":0.9977718592,"50":0.9982174635,"51":0.9990530014,"52":0.9990530014,"53":0.9976047277,"54":0.9978832603,"55":0.997938931,"56":0.9987187982,"57":0.9996100664,"58":0.9985516667,"59":0.9976047277,"60":0.9976047277,"61":0.9989416003,"62":0.9991087317,"63":0.9990530014,"64":0.9985516667,"65":0.9974933267,"66":0.9982174635,"67":0.9988859296,"68":0.9988301992,"69":0.9983845949,"70":0.9983288646,"71":0.9981060624,"72":0.9998328686,"73":0.9990530014,"74":0.9972147942,"75":0.9986073971,"76":0.9993872643,"77":0.9982174635,"78":0.9992201328,"79":0.9985516667,"80":0.9995543957,"81":0.9982731938,"82":0.9988859296,"83":0.9984402657,"84":0.9986073971,"85":0.9998885989,"86":0.9976603985,"87":0.9992201328,"88":0.9992201328,"89":0.9984402657,"90":0.9988859296,"91":0.9987745285,"92":0.9988859296,"93":0.9992201328,"94":0.9989973307,"95":0.9982174635,"96":0.9988859296,"97":0.9989416003,"98":0.9988859296,"99":0.9997771978},"sensitivity":{"0":0.9035205245,"1":0.9615084529,"2":0.9754344821,"3":0.9797794223,"4":0.9859068394,"5":0.9885249734,"6":0.9895833135,"7":0.9893048406,"8":0.9925913811,"9":0.9915886521,"10":0.9934826493,"11":0.9939282537,"12":0.9943181872,"13":0.9953765869,"14":0.9933155179,"15":0.9955436587,"16":0.9953208566,"17":0.9957107902,"18":0.9966020584,"19":0.9957664609,"20":0.9972147942,"21":0.994930923,"22":0.9954322577,"23":0.9959335923,"24":0.9973261952,"25":0.9970476627,"26":0.9989416003,"27":0.9953765869,"28":0.9975489974,"29":0.9958779216,"30":0.9971590638,"31":0.9967134595,"32":0.9982731938,"33":0.9974375963,"34":0.9975489974,"35":0.9972147942,"36":0.9970476627,"37":0.9983845949,"38":0.9969362617,"39":0.9971590638,"40":0.9982731938,"41":0.9975489974,"42":0.9984402657,"43":0.9973261952,"44":0.9966577291,"45":0.9977718592,"46":0.9986631274,"47":0.9986073971,"48":0.9978832603,"49":0.9977718592,"50":0.9982174635,"51":0.9990530014,"52":0.9990530014,"53":0.9975489974,"54":0.9978832603,"55":0.997938931,"56":0.9987187982,"57":0.9996100664,"58":0.9985516667,"59":0.9976047277,"60":0.9976047277,"61":0.9989416003,"62":0.9991087317,"63":0.9990530014,"64":0.9985516667,"65":0.9974933267,"66":0.9982174635,"67":0.9988859296,"68":0.9988301992,"69":0.9983845949,"70":0.9983288646,"71":0.9980503321,"72":0.9998328686,"73":0.9990530014,"74":0.9972147942,"75":0.9986073971,"76":0.9993872643,"77":0.9981617928,"78":0.9992201328,"79":0.9985516667,"80":0.9995543957,"81":0.9982174635,"82":0.9988859296,"83":0.9984402657,"84":0.9986073971,"85":0.9998885989,"86":0.9976603985,"87":0.9992201328,"88":0.9991644621,"89":0.9984402657,"90":0.9988859296,"91":0.9987745285,"92":0.9988859296,"93":0.9992201328,"94":0.9989973307,"95":0.9982174635,"96":0.9988859296,"97":0.9989416003,"98":0.9988859296,"99":0.9997771978},"specificity":{"0":0.9639316201,"1":0.9815619588,"2":0.9882464409,"3":0.9903631806,"4":0.9931483865,"5":0.994373858,"6":0.9950144887,"7":0.9947637916,"8":0.996434927,"9":0.9958500266,"10":0.9968805909,"11":0.9970476627,"12":0.9972426295,"13":0.9977718592,"14":0.9967412949,"15":0.9978275299,"16":0.9977996945,"17":0.9978832603,"18":0.9983288646,"19":0.9979110956,"20":0.9986352324,"21":0.9975489974,"22":0.9977718592,"23":0.9980503321,"24":0.9987187982,"25":0.9985516667,"26":0.99947083,"27":0.9977161288,"28":0.9987745285,"29":0.997966826,"30":0.9985795617,"31":0.9984124303,"32":0.9991365671,"33":0.9987466335,"34":0.9987745285,"35":0.9986352324,"36":0.9985516667,"37":0.9991922975,"38":0.9985238314,"39":0.9985795617,"40":0.9991365671,"41":0.9987745285,"42":0.9992201328,"43":0.9987187982,"44":0.9983566999,"45":0.9988859296,"46":0.9993315339,"47":0.9993036985,"48":0.9989416003,"49":0.9988859296,"50":0.9991087317,"51":0.9995265007,"52":0.9995265007,"53":0.9988023639,"54":0.9989694953,"55":0.9989973307,"56":0.9993594289,"57":0.9998050332,"58":0.9992758632,"59":0.9988301992,"60":0.9988301992,"61":0.99947083,"62":0.9995543957,"63":0.9995265007,"64":0.9992758632,"65":0.9987466335,"66":0.9991087317,"67":0.999442935,"68":0.9994150996,"69":0.9991922975,"70":0.9991644621,"71":0.9990530014,"72":0.9999164343,"73":0.9995265007,"74":0.9986073971,"75":0.9993036985,"76":0.9996936321,"77":0.9991087317,"78":0.9996100664,"79":0.9992758632,"80":0.9997771978,"81":0.9991365671,"82":0.999442935,"83":0.9992201328,"84":0.9993036985,"85":0.9999442697,"86":0.9988859296,"87":0.9996100664,"88":0.9996100664,"89":0.9992201328,"90":0.999442935,"91":0.9993872643,"92":0.999442935,"93":0.9996100664,"94":0.9994986653,"95":0.9991087317,"96":0.999442935,"97":0.9994986653,"98":0.999442935,"99":0.9998885989},"val_loss":{"0":0.1809340566,"1":0.2084882259,"2":0.2010571659,"3":0.2344149947,"4":0.1966649592,"5":0.202937901,"6":0.3040333688,"7":0.2630569637,"8":0.2299898118,"9":0.2750310004,"10":0.2099473327,"11":0.2192768604,"12":0.4537519515,"13":0.2681970298,"14":0.261033833,"15":0.2452089339,"16":0.2926487327,"17":0.2954927385,"18":0.230149895,"19":0.2673128843,"20":1.2848825455,"21":0.2452430874,"22":0.1870080829,"23":0.1714852005,"24":0.2737744153,"25":0.4702049196,"26":0.4782527983,"27":0.3365664184,"28":0.531835556,"29":0.5933740139,"30":0.3331131041,"31":0.2663884461,"32":0.2296344042,"33":0.2704702318,"34":0.2582429051,"35":0.2868871987,"36":0.2498377264,"37":0.35933128,"38":0.3040350676,"39":0.2229322791,"40":0.2735281289,"41":0.3635078967,"42":0.249144271,"43":0.3529328108,"44":0.7560654879,