{"loss":{"0":0.2618191242,"1":0.1154049262,"2":0.0721166581,"3":0.0578387268,"4":0.0318884738,"5":0.0379554816,"6":0.0282247178,"7":0.0240555555,"8":0.0277004875,"9":0.0216864664,"10":0.0148861799,"11":0.0170501322,"12":0.0249412451,"13":0.0160972327,"14":0.0163038634,"15":0.012317203,"16":0.0178891066,"17":0.0128755029,"18":0.0135165155,"19":0.0135140084,"20":0.0134082399,"21":0.0149840424,"22":0.0100539131,"23":0.0121758468,"24":0.008925085,"25":0.0099837398,"26":0.010433265,"27":0.0140634766,"28":0.0069576446,"29":0.0089115947,"30":0.0086767543,"31":0.0080167437,"32":0.0115465419,"33":0.0081035262,"34":0.0060411738,"35":0.0094302576,"36":0.0083750086,"37":0.008609728,"38":0.006690166,"39":0.0057315836,"40":0.0044810642,"41":0.0100347856,"42":0.0080520622,"43":0.0086252857,"44":0.0062133535,"45":0.0054806527,"46":0.0071147433,"47":0.0067888047,"48":0.0069518988,"49":0.0047546672,"50":0.0046537956,"51":0.0116310958,"52":0.0033248595,"53":0.0061872695,"54":0.0063197981,"55":0.0024455928,"56":0.008168363,"57":0.0064948876,"58":0.0036657506,"59":0.0048705293,"60":0.0072448622,"61":0.004948278,"62":0.0054850457,"63":0.0054370956,"64":0.0054830746,"65":0.0058177351,"66":0.0036105374,"67":0.002520514,"68":0.0080121998,"69":0.0069154287,"70":0.0051083216,"71":0.0073810671,"72":0.0039073578,"73":0.0016274313,"74":0.0005303474,"75":0.0093515534,"76":0.004061583,"77":0.0059707188,"78":0.0039374782,"79":0.0020844538,"80":0.007595703,"81":0.0052057481,"82":0.0055502765,"83":0.0015403708,"84":0.0000839968,"85":0.0000075742,"86":0.0000095976,"87":0.0130313784,"88":0.0068820561,"89":0.0037287343,"90":0.0030879625,"91":0.0027000776,"92":0.0062583662,"93":0.0023392746,"94":0.0052170376,"95":0.0036037508,"96":0.0060779764,"97":0.0041167624,"98":0.0022451857,"99":0.0025763554},"accuracy":{"0":0.9027406573,"1":0.9604501128,"2":0.9745989442,"3":0.9788324237,"4":0.9884135723,"5":0.9873551726,"6":0.990418911,"7":0.9920900464,"8":0.990418911,"9":0.9925913811,"10":0.9947081208,"11":0.9942067862,"12":0.991922915,"13":0.9947637916,"14":0.9947081208,"15":0.9957664609,"16":0.9944295883,"17":0.9958779216,"18":0.9963235259,"19":0.9959335923,"20":0.9955993891,"21":0.995487988,"22":0.9969362617,"23":0.9957107902,"24":0.9974375963,"25":0.996434927,"26":0.996434927,"27":0.9948752522,"28":0.9981060624,"29":0.9974375963,"30":0.9972147942,"31":0.9976603985,"32":0.9957664609,"33":0.9974933267,"34":0.9978832603,"35":0.9971033931,"36":0.9974375963,"37":0.9974933267,"38":0.9974375963,"39":0.9983845949,"40":0.9986073971,"41":0.9971033931,"42":0.9974375963,"43":0.9973819256,"44":0.9978275299,"45":0.9979946613,"46":0.997938931,"47":0.9982174635,"48":0.9977161288,"49":0.9987745285,"50":0.9983288646,"51":0.996991992,"52":0.9987745285,"53":0.9982174635,"54":0.9977718592,"55":0.9993315339,"56":0.9973261952,"57":0.9978832603,"58":0.9988301992,"59":0.998495996,"60":0.9977718592,"61":0.9985516667,"62":0.9986631274,"63":0.9985516667,"64":0.9981060624,"65":0.9984402657,"66":0.9989973307,"67":0.9993315339,"68":0.9976603985,"69":0.9976603985,"70":0.9983845949,"71":0.9976047277,"72":0.9989416003,"73":0.9996100664,"74":0.9998328686,"75":0.9968248606,"76":0.9986631274,"77":0.9983845949,"78":0.9987745285,"79":0.9993872643,"80":0.9974375963,"81":0.9981617928,"82":0.9981617928,"83":0.9996100664,"84":1.0,"85":1.0,"86":1.0,"87":0.9966020584,"88":0.9978275299,"89":0.9987187982,"90":0.9989416003,"91":0.9992201328,"92":0.9979946613,"93":0.9991087317,"94":0.9981617928,"95":0.9985516667,"96":0.998495996,"97":0.9989973307,"98":0.9995543957,"99":0.9990530014},"sensitivity":{"0":0.8882575631,"1":0.9596702456,"2":0.9738747478,"3":0.9786096215,"4":0.988357842,"5":0.9871323705,"6":0.9903075099,"7":0.9920900464,"8":0.9903631806,"9":0.9923685193,"10":0.9947081208,"11":0.9941510558,"12":0.9917557836,"13":0.9946523905,"14":0.9945967197,"15":0.9956550598,"16":0.9943181872,"17":0.9958221912,"18":0.9962677956,"19":0.9958779216,"20":0.9955993891,"21":0.9954322577,"22":0.9969362617,"23":0.9956550598,"24":0.9974375963,"25":0.996434927,"26":0.996434927,"27":0.9948195219,"28":0.9980503321,"29":0.9974375963,"30":0.9972147942,"31":0.9976603985,"32":0.9957664609,"33":0.9974933267,"34":0.9978832603,"35":0.9971033931,"36":0.9974375963,"37":0.9974375963,"38":0.9974375963,"39":0.9983845949,"40":0.9986073971,"41":0.9968805909,"42":0.9974375963,"43":0.9973261952,"44":0.9978275299,"45":0.9979946613,"46":0.997938931,"47":0.9982174635,"48":0.9977161288,"49":0.9987745285,"50":0.9983288646,"51":0.9969362617,"52":0.9987745285,"53":0.9982174635,"54":0.9977161288,"55":0.9993315339,"56":0.9973261952,"57":0.9978832603,"58":0.9988301992,"59":0.998495996,"60":0.9977718592,"61":0.9985516667,"62":0.9986631274,"63":0.9985516667,"64":0.9981060624,"65":0.9984402657,"66":0.9989973307,"67":0.9993315339,"68":0.9976603985,"69":0.9976603985,"70":0.9983845949,"71":0.9976047277,"72":0.9989416003,"73":0.9996100664,"74":0.9998328686,"75":0.9968248606,"76":0.9986073971,"77":0.9983288646,"78":0.9987745285,"79":0.9993872643,"80":0.9974375963,"81":0.9981617928,"82":0.9981060624,"83":0.9996100664,"84":1.0,"85":1.0,"86":1.0,"87":0.9964906573,"88":0.9978275299,"89":0.9987187982,"90":0.9989416003,"91":0.9992201328,"92":0.9979946613,"93":0.9991087317,"94":0.9981617928,"95":0.9985516667,"96":0.998495996,"97":0.9989973307,"98":0.9995543957,"99":0.9990530014},"specificity":{"0":0.9606171846,"1":0.9807820916,"2":0.9877172709,"3":0.9896112084,"4":0.994373858,"5":0.9937890172,"6":0.9952930212,"7":0.9960449934,"8":0.9952651262,"9":0.9964070916,"10":0.9973819256,"11":0.9971312284,"12":0.9960449934,"13":0.997409761,"14":0.9973819256,"15":0.9979110956,"16":0.9972147942,"17":0.997938931,"18":0.9981617928,"19":0.997966826,"20":0.9978275299,"21":0.9977439642,"22":0.9984681606,"23":0.9978553653,"24":0.9987466335,"25":0.9982452989,"26":0.9982174635,"27":0.9974654913,"28":0.9990530014,"29":0.9988301992,"30":0.9986909628,"31":0.9988301992,"32":0.9978832603,"33":0.9987466335,"34":0.9989416003,"35":0.9985795617,"36":0.9987187982,"37":0.9987466335,"38":0.9987187982,"39":0.9992201328,"40":0.9993036985,"41":0.9985516667,"42":0.9987187982,"43":0.9987466335,"44":0.998913765,"45":0.9989973307,"46":0.9989973307,"47":0.9991087317,"48":0.9988580942,"49":0.999442935,"50":0.9991644621,"51":0.9985238314,"52":0.9993872643,"53":0.9991087317,"54":0.998913765,"55":0.9996657968,"56":0.9986631274,"57":0.9989416003,"58":0.9994150996,"59":0.9992479682,"60":0.9988859296,"61":0.9993315339,"62":0.9993315339,"63":0.9993036985,"64":0.9990808964,"65":0.9992201328,"66":0.9994986653,"67":0.9996657968,"68":0.9988301992,"69":0.9988580942,"70":0.9992201328,"71":0.9988023639,"72":0.99947083,"73":0.9998050332,"74":0.9999164343,"75":0.9984681606,"76":0.9993315339,"77":0.9992201328,"78":0.9994150996,"79":0.9996936321,"80":0.9987187982,"81":0.9991087317,"82":0.9990808964,"83":0.9998050332,"84":1.0,"85":1.0,"86":1.0,"87":0.9983845949,"88":0.9989694953,"89":0.9993594289,"90":0.99947083,"91":0.9996100664,"92":0.9989973307,"93":0.9995543957,"94":0.9991922975,"95":0.9992758632,"96":0.9992758632,"97":0.9994986653,"98":0.9997771978,"99":0.9995265007},"val_loss":{"0":0.1677146554,"1":0.1738730967,"2":0.2061965913,"3":0.177629292,"4":0.26054281,"5":0.3061697781,"6":0.720849514,"7":0.2189977467,"8":0.2814451456,"9":0.1847149432,"10":0.5293774009,"11":0.4113369584,"12":0.3029697835,"13":0.3040793538,"14":0.2334642112,"15":0.3742496073,"16":0.2937168181,"17":0.2998326421,"18":0.270191133,"19":0.2620376647,"20":0.3982632756,"21":0.2230442017,"22":0.2892633975,"23":0.3801240325,"24":0.294554621,"25":0.3042578995,"26":0.3563322127,"27":0.2983828187,"28":0.2437030971,"29":0.5083549619,"30":0.2552526593,"31":0.4243924618,"32":0.2758642435,"33":0.3270659745,"34":0.2563047111,"35":0.2681561112,"36":0.3038453162,"37":0.4625542462,"38":0.2484468669,"39":0.3158364594,"40":0.3318058848,"41":0.232832253,"42":0.4859702885,"43":0.2912729979,"44":0.2451154441,"45":0.3779059052,"46":0.3690776229,"47":0.3816513121,"48":0.4759165645,"49":0.3074662387,