{"loss":{"0":0.2563075125,"1":0.1017007604,"2":0.0558209084,"3":0.0443116315,"4":0.0352571644,"5":0.0256453082,"6":0.0229838919,"7":0.0226139445,"8":0.0174520537,"9":0.0193184242,"10":0.0104710767,"11":0.016288612,"12":0.0147552779,"13":0.0143794334,"14":0.0096032908,"15":0.0125154546,"16":0.0148764774,"17":0.0095130056,"18":0.0146983275,"19":0.0076461784,"20":0.0099402955,"21":0.0082197404,"22":0.0091271093,"23":0.0113005014,"24":0.0074208342,"25":0.0109850215,"26":0.0085701747,"27":0.0046240203,"28":0.0110682361,"29":0.004143687,"30":0.0130742574,"31":0.0068749874,"32":0.0046827639,"33":0.0081788963,"34":0.0085504865,"35":0.0050807898,"36":0.0046456028,"37":0.00859378,"38":0.0071668113,"39":0.0065490883,"40":0.0075879022,"41":0.006365451,"42":0.0022703924,"43":0.0093446141,"44":0.0051165093,"45":0.0074382438,"46":0.0075668455,"47":0.0034621619,"48":0.0054290234,"49":0.0046793353},"accuracy":{"0":0.9049687982,"1":0.9643493891,"2":0.9806149602,"3":0.9846813679,"4":0.986965239,"5":0.9913101792,"6":0.9918115139,"7":0.9918115139,"8":0.9939282537,"9":0.9934826493,"10":0.9965463281,"11":0.9938725233,"12":0.9950980544,"13":0.9947637916,"14":0.9963235259,"15":0.9958779216,"16":0.9950423241,"17":0.996434927,"18":0.9947081208,"19":0.9970476627,"20":0.9964906573,"21":0.9974375963,"22":0.9972147942,"23":0.9962121248,"24":0.9976603985,"25":0.9962121248,"26":0.9976603985,"27":0.9985516667,"28":0.9963792562,"29":0.9987187982,"30":0.9960449934,"31":0.9975489974,"32":0.9983845949,"33":0.9978275299,"34":0.9973819256,"35":0.9984402657,"36":0.9982174635,"37":0.9971590638,"38":0.9976047277,"39":0.9979946613,"40":0.9971590638,"41":0.9979946613,"42":0.9993315339,"43":0.9974375963,"44":0.9983288646,"45":0.9974375963,"46":0.9975489974,"47":0.9991087317,"48":0.9979946613,"49":0.9980503321},"sensitivity":{"0":0.8894830942,"1":0.9638480544,"2":0.980280757,"3":0.9841243029,"4":0.986965239,"5":0.9911430478,"6":0.9918115139,"7":0.9918115139,"8":0.9939282537,"9":0.9934826493,"10":0.9964906573,"11":0.9938725233,"12":0.9949866533,"13":0.9947637916,"14":0.9962677956,"15":0.9958779216,"16":0.994930923,"17":0.996434927,"18":0.9946523905,"19":0.9970476627,"20":0.996434927,"21":0.9974375963,"22":0.9972147942,"23":0.9962121248,"24":0.9976603985,"25":0.9962121248,"26":0.9976603985,"27":0.9985516667,"28":0.9963792562,"29":0.9987187982,"30":0.9960449934,"31":0.9974933267,"32":0.9983845949,"33":0.9978275299,"34":0.9973819256,"35":0.9983845949,"36":0.9982174635,"37":0.9971590638,"38":0.9976047277,"39":0.9979946613,"40":0.9971590638,"41":0.9979946613,"42":0.9993315339,"43":0.9974375963,"44":0.9982731938,"45":0.9973819256,"46":0.9974933267,"47":0.9991087317,"48":0.997938931,"49":0.9980503321},"specificity":{"0":0.9618983865,"1":0.9825646281,"2":0.990418911,"3":0.992452085,"4":0.9935661554,"5":0.9957107902,"6":0.9959614277,"7":0.9959893227,"8":0.996964097,"9":0.9967970252,"10":0.9982731938,"11":0.996991992,"12":0.9976047277,"13":0.9974375963,"14":0.9981617928,"15":0.997938931,"16":0.997521162,"17":0.9982174635,"18":0.9973540306,"19":0.9985238314,"20":0.9983010292,"21":0.9987187982,"22":0.9986352324,"23":0.9981060624,"24":0.9988301992,"25":0.9981060624,"26":0.9988301992,"27":0.9993036985,"28":0.9981896281,"29":0.9993594289,"30":0.9980224967,"31":0.9987745285,"32":0.9991922975,"33":0.998913765,"34":0.9986909628,"35":0.9992201328,"36":0.9991087317,"37":0.9985795617,"38":0.9988301992,"39":0.999025166,"40":0.9986073971,"41":0.9990530014,"42":0.9996657968,"43":0.9987187982,"44":0.9991922975,"45":0.9987187982,"46":0.9988023639,"47":0.9995543957,"48":0.9989973307,"49":0.999025166},"val_loss":{"0":1.9930731058,"1":1.7240782976,"2":1.1190696955,"3":2.6862957478,"4":0.4076256156,"5":0.4691224992,"6":0.8899492025,"7":0.5308650136,"8":0.5533820987,"9":0.3014226556,"10":0.3088490367,"11":0.3168358207,"12":0.2473681569,"13":0.2757286131,"14":0.3841326833,"15":0.2705500424,"16":0.6759974957,"17":0.3792915344,"18":0.2515497506,"19":0.281020999,"20":0.2757852972,"21":0.2916461825,"22":0.3494048119,"23":0.3946271837,"24":0.365577817,"25":0.2693848312,"26":0.3117075861,"27":0.335526824,"28":0.5201024413,"29":0.8189293146,"30":0.4532125592,"31":0.29032287,"32":0.3559362888,"33":0.3425331712,"34":1.2254304886,"35":0.3097129464,"36":0.3657295406,"37":0.3086157143,"38":0.5784533024,"39":0.3265993595,"40":0.2728675306,"41":0.4139727652,"42":0.310457468,"43":0.3946591318,"44":0.330440402,"45":0.2661183476,"46":0.3155872226,"47":0.2843177617,"48":0.313197732,"49":0.297218293},"val_accuracy":{"0":0.4710864425,"1":0.5782710314,"2":0.6661798954,"3":0.5347546935,"4":0.8618574739,"5":0.849591136,"6":0.8268107772,"7":0.8893107772,"8":0.8858060837,"9":0.9249415994,"10":0.9450934529,"11":0.9380841255,"12":0.9471378326,"13":0.9573597908,"14":0.9521027803,"15":0.9477219582,"16":0.8615654111,"17":0.9436331987,"18":0.943341136,"19":0.9523948431,"20":0.9497663379,"21":0.9500584006,"22":0.9389602542,"23":0.9369158745,"24":0.9398364425,"25":0.943341136,"26":0.938668251,"27":0.9430490732,"28":0.9193925261,"29":0.8516355157,"30":0.9193925261,"31":0.9515187144,"32":0.9450934529,"33":0.9369158745,"34":0.8440420628,"35":0.9526869059,"36":0.9526869059,"37":0.9541472197,"38":0.9252336621,"39":0.9468457699,"40":0.9494742751,"41":0.9337032437,"42":0.9523948431,"43":0.917932272,"44":0.9532710314,"45":0.9506425261,"46":0.9465537667,"47":0.9494742751,"48":0.9421728849,"49":0.9442172647},"val_sensitivity":{"0":0.4646612108,"1":0.5762266517,"2":0.6609228849,"3":0.5338785052,"4":0.8586448431,"5":0.846670568,"6":0.8256425261,"7":0.8887266517,"8":0.8849298954,"9":0.9246495366,"10":0.9450934529,"11":0.9375,"12":0.9465537667,"13":0.9573597908,"14":0.9521027803,"15":0.9468457699,"16":0.8606892228,"17":0.9436331987,"18":0.9427570105,"19":0.9515187144,"20":0.9497663379,"21":0.9500584006,"22":0.9389602542,"23":0.9369158745,"24":0.939252317,"25":0.9430490732,"26":0.9383761883,"27":0.9430490732,"28":0.9191004634,"29":0.8516355157,"30":0.9193925261,"31":0.9509345889,"32":0.9448013902,"33":0.9369158745,"34":0.84375,"35":0.9523948431,"36":0.9526869059,"37":0.9541472197,"38":0.9249415994,"39":0.9465537667,"40":0.9488902092,"41":0.9331191778,"42":0.9523948431,"43":0.9170560837,"44":0.9532710314,"45":0.9506425261,"46":0.9465537667,"47":0.949182272,"48":0.9421728849,"49":0.9439252615},"val_specificity":{"0":0.7387558222,"1":0.7952687144,"2":0.8377628326,"3":0.7686915994,"4":0.9337032437,"5":0.9269859791,"6":0.9154497385,"7":0.9450934529,"8":0.9436331987,"9":0.9627628326,"10":0.972692728,"11":0.9693341255,"12":0.9735689163,"13":0.9786798954,"14":0.9760513902,"15":0.9742990732,"16":0.9315128326,"17":0.9718165994,"18":0.9724007249,"19":0.9764894843,"20":0.9754672647,"21":0.9751752615,"22":0.9694801569,"23":0.9684579372,"24":0.969918251,"25":0.971670568,"26":0.9696261883,"27":0.9715245366,"28":0.9596962333,"29":0.9259637594,"30":0.9596962333,"31":0.9759053588,"32":0.972692728,"33":0.9684579372,"34":0.9220210314,"35":0.9763434529,"36":0.9763434529,"37":0.9772196412,"38":0.9626168013,"39":0.9734228849,"40":0.9747371674,"41":0.966997683,"42":0.9763434529,"43":0.9596962333,"44":0.9766355157,"45":0.9753212333,"46":0.9732768536,"47":0.9747371674,"48":0.9715245366,"49":0.9724007249}}