{"loss":{"0":0.2383067608,"1":0.1205300987,"2":0.0844558254,"3":0.059883967,"4":0.0474735536,"5":0.036765743,"6":0.0324449018,"7":0.0305659138,"8":0.0212050844,"9":0.0247746594,"10":0.0209581107,"11":0.0200206507,"12":0.0210010409,"13":0.0197747219,"14":0.0167550519,"15":0.0126029439,"16":0.0144323083,"17":0.016643269,"18":0.0089159347,"19":0.0156387128,"20":0.0112786051,"21":0.0111004617,"22":0.0120907668,"23":0.01303796,"24":0.0108642336,"25":0.0121721923,"26":0.0078754583,"27":0.0097149499,"28":0.0106452974,"29":0.010660979,"30":0.0093999943,"31":0.0068746898,"32":0.010448453,"33":0.0117393928,"34":0.0113283936,"35":0.006053905,"36":0.0077498951,"37":0.0081061199,"38":0.0060521821,"39":0.0110894665,"40":0.009179879,"41":0.0070454418,"42":0.008368074,"43":0.0069132419,"44":0.0086145466,"45":0.0093900235,"46":0.0061613517,"47":0.0076551344,"48":0.0077868416,"49":0.0093418546},"accuracy":{"0":0.917892158,"1":0.9593359828,"2":0.9722593427,"3":0.9807263613,"4":0.9840129018,"5":0.9874665737,"6":0.9891933799,"7":0.9909202456,"8":0.9925913811,"9":0.9921457171,"10":0.993426919,"11":0.9938168526,"12":0.9937611222,"13":0.9933155179,"14":0.9945967197,"15":0.9961007237,"16":0.995487988,"17":0.9948195219,"18":0.9968805909,"19":0.9945967197,"20":0.9965463281,"21":0.9963235259,"22":0.9960449934,"23":0.9961007237,"24":0.996991992,"25":0.9964906573,"26":0.9977718592,"27":0.9972147942,"28":0.9971033931,"29":0.9967691898,"30":0.9972147942,"31":0.9981617928,"32":0.9972705245,"33":0.996991992,"34":0.9967134595,"35":0.9979946613,"36":0.9978275299,"37":0.9977161288,"38":0.9987187982,"39":0.996991992,"40":0.9972705245,"41":0.9978832603,"42":0.9978275299,"43":0.9978832603,"44":0.9974933267,"45":0.9967134595,"46":0.9982174635,"47":0.9981617928,"48":0.9982174635,"49":0.9977161288},"sensitivity":{"0":0.9094808102,"1":0.9580548406,"2":0.9716466069,"3":0.9806149602,"4":0.9836786985,"5":0.9872994423,"6":0.9891377091,"7":0.9908645153,"8":0.9924799204,"9":0.9920900464,"10":0.9933711886,"11":0.9937611222,"12":0.9937054515,"13":0.9932597876,"14":0.9945409894,"15":0.9961007237,"16":0.995487988,"17":0.9948195219,"18":0.9968805909,"19":0.9944853187,"20":0.9965463281,"21":0.9963235259,"22":0.9960449934,"23":0.9961007237,"24":0.996991992,"25":0.996434927,"26":0.9977161288,"27":0.9972147942,"28":0.9971033931,"29":0.9967134595,"30":0.9972147942,"31":0.9981617928,"32":0.9972705245,"33":0.996991992,"34":0.9967134595,"35":0.9979946613,"36":0.9978275299,"37":0.9977161288,"38":0.9987187982,"39":0.996991992,"40":0.9972705245,"41":0.9978832603,"42":0.9978275299,"43":0.9978832603,"44":0.9974933267,"45":0.9967134595,"46":0.9981617928,"47":0.9981617928,"48":0.9982174635,"49":0.9977161288},"specificity":{"0":0.9637923241,"1":0.9803643227,"2":0.9863246679,"3":0.9906138778,"4":0.9923128486,"5":0.9938446879,"6":0.9947637916,"7":0.9956272244,"8":0.9963235259,"9":0.9961563945,"10":0.9967691898,"11":0.9969084263,"12":0.9968805909,"13":0.9967134595,"14":0.9973261952,"15":0.998078227,"16":0.9977718592,"17":0.9974375963,"18":0.9984402657,"19":0.9973261952,"20":0.9982731938,"21":0.9982174635,"22":0.9980224967,"23":0.998078227,"24":0.9985238314,"25":0.9983288646,"26":0.9988859296,"27":0.9986073971,"28":0.9985516667,"29":0.9983845949,"30":0.9986909628,"31":0.9991087317,"32":0.9986352324,"33":0.998495996,"34":0.9983566999,"35":0.9989973307,"36":0.998913765,"37":0.9988859296,"38":0.9993594289,"39":0.9985238314,"40":0.9986352324,"41":0.9989416003,"42":0.998913765,"43":0.9989416003,"44":0.9987466335,"45":0.9983845949,"46":0.9991087317,"47":0.9990808964,"48":0.9991087317,"49":0.9988859296},"val_loss":{"0":0.2979176044,"1":0.3427934945,"2":0.3200078011,"3":0.457916081,"4":0.5307505727,"5":0.5052602887,"6":0.2395513207,"7":0.3770158589,"8":0.6263949871,"9":0.4216402173,"10":0.3375029266,"11":0.2778030634,"12":0.2997876108,"13":0.1605314761,"14":0.322612673,"15":0.4317235053,"16":0.3419565856,"17":0.4039665163,"18":0.3132734597,"19":0.5176734328,"20":0.3748937249,"21":0.3087688386,"22":0.3102737963,"23":0.7745764852,"24":0.4439776242,"25":0.2495872676,"26":0.2585068345,"27":0.2401423305,"28":0.4181352854,"29":0.2634185851,"30":0.352999717,"31":0.6479123831,"32":0.4463887215,"33":0.181772694,"34":0.2229190469,"35":0.2637503445,"36":0.4248124063,"37":0.3020522594,"38":0.2114456594,"39":0.2480564713,"40":0.1878129244,"41":0.2969046533,"42":0.3380000591,"43":0.2672683895,"44":0.52543962,"45":0.2435765713,"46":0.9991322756,"47":0.2788684368,"48":1.6356365681,"49":0.353443563},"val_accuracy":{"0":0.9245337844,"1":0.8892773986,"2":0.8953962922,"3":0.9152097702,"4":0.8682983518,"5":0.9437645674,"6":0.9592074752,"7":0.9172494411,"8":0.911421895,"9":0.9326922894,"10":0.9455128312,"11":0.9501748085,"12":0.9522144794,"13":0.9644522071,"14":0.9268648028,"15":0.9309440851,"16":0.9510489702,"17":0.9230769277,"18":0.9589160681,"19":0.9157925248,"20":0.9452214241,"21":0.933275044,"22":0.958041966,"23":0.8618881106,"24":0.9283216596,"25":0.9568764567,"26":0.9490092993,"27":0.9597902298,"28":0.9000582695,"29":0.9466783404,"30":0.9463869333,"31":0.9440559149,"32":0.9373543262,"33":0.960955739,"34":0.9565851092,"35":0.9560023546,"36":0.9434732199,"37":0.952505827,"38":0.9557109475,"39":0.9533799291,"40":0.9562937021,"41":0.9589160681,"42":0.9373543262,"43":0.9513403177,"44":0.9449300766,"45":0.9583333135,"46":0.9239510298,"47":0.9513403177,"48":0.7843822837,"49":0.9353147149},"val_sensitivity":{"0":0.9239510298,"1":0.888694644,"2":0.8948135376,"3":0.9149184227,"4":0.8650932312,"5":0.9437645674,"6":0.9592074752,"7":0.9149184227,"8":0.911421895,"9":0.9324009418,"10":0.9455128312,"11":0.9493007064,"12":0.9522144794,"13":0.9644522071,"14":0.9268648028,"15":0.930652678,"16":0.9510489702,"17":0.9230769277,"18":0.9589160681,"19":0.9157925248,"20":0.9452214241,"21":0.933275044,"22":0.958041966,"23":0.8607226014,"24":0.9280303121,"25":0.9565851092,"26":0.9490092993,"27":0.9597902298,"28":0.8988927603,"29":0.9463869333,"30":0.9460955858,"31":0.9440559149,"32":0.9373543262,"33":0.9606643319,"34":0.9565851092,"35":0.9560023546,"36":0.9425990582,"37":0.952505827,"38":0.9557109475,"39":0.9530885816,"40":0.9557109475,"41":0.9589160681,"42":0.9373543262,"43":0.9510489702,"44":0.9446386695,"45":0.9583333135,"46":0.9239510298,"47":0.9513403177,"48":0.7826340199,"49":0.9344405532},"val_specificity":{"0":0.9627039433,"1":0.9452214241,"2":0.9479895234,"3":0.9581876397,"4":0.9370629191,"5":0.9718822837,"6":0.9796037078,"7":0.9602272511,"8":0.9561480284,"9":0.9663461447,"10":0.9730477929,"11":0.9755244851,"12":0.9761072397,"13":0.9823718071,"14":0.9637237787,"15":0.9657633901,"16":0.9755244851,"17":0.961538434,"18":0.9796037078,"19":0.958041966,"20":0.9727563858,"21":0.9669288993,"22":0.9793123603,"23":0.9321095347,"24":0.9648892879,"25":0.9784382582,"26":0.9747960567,"27":0.9801864624,"28":0.9513403177,"29":0.9733391404,"30":0.9731934667,"31":0.9720279574,"32":0.9686771631,"33":0.9806235433,"34":0.9784382582,"35":0.9780011773,"36":0.9718822837,"37":0.9763985872,"38":0.9778555036,"39":0.9766899943,"40":0.9782925248,"41":0.979458034,"42":0.9688228369,"43":0.9758158326,"44":0.9724650383,"45":0.9791666865,"46":0.9619755149,"47":0.9756701589,"48":0.8929196,"49":0.9685314894}}