{"loss":{"0":0.2895400822,"1":0.1749980003,"2":0.1397553682,"3":0.1066742316,"4":0.0835923329,"5":0.0691876337,"6":0.0506876707,"7":0.0421815589,"8":0.0375118442,"9":0.0330973864,"10":0.0301670581,"11":0.0306976512,"12":0.0252528992,"13":0.0270237084,"14":0.0239740629,"15":0.0221706014,"16":0.0183049478,"17":0.0207291134,"18":0.0169223957,"19":0.0172363743,"20":0.0159518272,"21":0.0139210038,"22":0.0142566292,"23":0.0144012878,"24":0.0152156986,"25":0.0124885933,"26":0.0129150432,"27":0.0131593812,"28":0.0116379624,"29":0.012474454,"30":0.0127465222,"31":0.0123107964,"32":0.0085665425,"33":0.0108049633,"34":0.0094235623,"35":0.0105779869,"36":0.0107385498,"37":0.0075947121,"38":0.0083082328,"39":0.0100682313,"40":0.0087743029,"41":0.0074479925,"42":0.0112630455,"43":0.0061374633,"44":0.0093027437,"45":0.0078449706,"46":0.0048356256,"47":0.0085405596,"48":0.0084412387,"49":0.007298003},"accuracy":{"0":0.8953319788,"1":0.9391711354,"2":0.9499220252,"3":0.9624554515,"4":0.9722593427,"5":0.9757130146,"6":0.9825646281,"7":0.9851827025,"8":0.9873551726,"9":0.9889705777,"10":0.9901960492,"11":0.9893605113,"12":0.9913101792,"13":0.9914215803,"14":0.9918671846,"15":0.9919785857,"16":0.9939282537,"17":0.9920900464,"18":0.9938725233,"19":0.9942624569,"20":0.9942067862,"21":0.9955993891,"22":0.9947637916,"23":0.9951537251,"24":0.9944295883,"25":0.9959335923,"26":0.9954322577,"27":0.9952094555,"28":0.9963235259,"29":0.9957664609,"30":0.9956550598,"31":0.9957107902,"32":0.9972705245,"33":0.996434927,"34":0.9971590638,"35":0.9961007237,"36":0.9965463281,"37":0.9978275299,"38":0.9973261952,"39":0.9967134595,"40":0.996991992,"41":0.9977161288,"42":0.9967691898,"43":0.9983845949,"44":0.9969362617,"45":0.9976047277,"46":0.9983288646,"47":0.9976047277,"48":0.9971590638,"49":0.9976047277},"sensitivity":{"0":0.8836898208,"1":0.9363301992,"2":0.948585093,"3":0.961619854,"4":0.9713680744,"5":0.975323081,"6":0.982341826,"7":0.9849599004,"8":0.9872994423,"9":0.9888034463,"10":0.9899732471,"11":0.9893048406,"12":0.9911987782,"13":0.99136585,"14":0.9917001128,"15":0.9919785857,"16":0.9939282537,"17":0.9920343161,"18":0.9938725233,"19":0.9942067862,"20":0.9941510558,"21":0.9955436587,"22":0.9947081208,"23":0.9951537251,"24":0.9943181872,"25":0.9958221912,"26":0.9953765869,"27":0.9951537251,"28":0.9963235259,"29":0.9957664609,"30":0.9956550598,"31":0.9957107902,"32":0.9972705245,"33":0.996434927,"34":0.9971590638,"35":0.9961007237,"36":0.9965463281,"37":0.9978275299,"38":0.9972705245,"39":0.9966577291,"40":0.996991992,"41":0.9977161288,"42":0.9967691898,"43":0.9983845949,"44":0.9968805909,"45":0.9976047277,"46":0.9983288646,"47":0.9976047277,"48":0.9971590638,"49":0.9976047277},"specificity":{"0":0.9542948008,"1":0.9711174369,"2":0.9758522511,"3":0.981784761,"4":0.9865753055,"5":0.9881350398,"6":0.9915329814,"7":0.9927863479,"8":0.9937332869,"9":0.9945967197,"10":0.9951816201,"11":0.9947081208,"12":0.9957107902,"13":0.9957943559,"14":0.9959893227,"15":0.9959893227,"16":0.996964097,"17":0.9960728884,"18":0.996964097,"19":0.9971590638,"20":0.9971033931,"21":0.9978553653,"22":0.997409761,"23":0.9976325631,"24":0.9972147942,"25":0.9979946613,"26":0.9977161288,"27":0.9976325631,"28":0.9981617928,"29":0.9979110956,"30":0.9978275299,"31":0.9978832603,"32":0.9986631274,"33":0.9982452989,"34":0.9985795617,"35":0.9980503321,"36":0.9982731938,"37":0.998913765,"38":0.9986631274,"39":0.9983566999,"40":0.998495996,"41":0.9988580942,"42":0.9983845949,"43":0.9991922975,"44":0.9984681606,"45":0.9988023639,"46":0.9991644621,"47":0.9988023639,"48":0.9986073971,"49":0.9988023639},"val_loss":{"0":1.3453662395,"1":0.2348686159,"2":0.3212449253,"3":0.1892975718,"4":0.2444609404,"5":0.6484780312,"6":0.2978754342,"7":0.1994604468,"8":0.3574431539,"9":0.7204428911,"10":0.1966675371,"11":0.2534426153,"12":0.2736517489,"13":0.3434903026,"14":0.2188444287,"15":0.2187408358,"16":0.2432352751,"17":0.2517986894,"18":0.3152102232,"19":0.5638329983,"20":0.3306221664,"21":0.6793830395,"22":0.5583599806,"23":0.6786709428,"24":0.2353879064,"25":0.3364734054,"26":0.2530474663,"27":0.2468437105,"28":0.5214853287,"29":0.2370791733,"30":0.2930609584,"31":0.2598057985,"32":0.2410996258,"33":0.5011895299,"34":6.7703661919,"35":0.2729199529,"36":0.2884948254,"37":0.383130908,"38":0.3037398756,"39":0.3686628044,"40":0.2530010939,"41":0.292294383,"42":0.2503010333,"43":0.365781188,"44":0.3041615188,"45":0.4156751335,"46":0.3166787028,"47":0.3280448318,"48":0.4751969874,"49":0.2624285519},"val_accuracy":{"0":0.5871211886,"1":0.916958034,"2":0.883158505,"3":0.9399766922,"4":0.9210373163,"5":0.8178904653,"6":0.9187062979,"7":0.944347322,"8":0.9122960567,"9":0.8269230723,"10":0.9481351972,"11":0.930652678,"12":0.933275044,"13":0.9172494411,"14":0.9431818128,"15":0.9405594468,"16":0.9495920539,"17":0.9460955858,"18":0.9207459092,"19":0.8811188936,"20":0.911421895,"21":0.8598484993,"22":0.8761655092,"23":0.8822844028,"24":0.9490092993,"25":0.9294871688,"26":0.947261095,"27":0.9434732199,"28":0.9038461447,"29":0.9513403177,"30":0.9210373163,"31":0.9460955858,"32":0.9548368454,"33":0.9082167745,"34":0.5241841674,"35":0.9527971745,"36":0.9396852851,"37":0.9207459092,"38":0.9475524426,"39":0.9300699234,"40":0.9469696879,"41":0.9350233078,"42":0.9504662156,"43":0.9408507943,"44":0.944347322,"45":0.9291958213,"46":0.9533799291,"47":0.9490092993,"48":0.9006410241,"49":0.9504662156},"val_sensitivity":{"0":0.5801281929,"1":0.9090909362,"2":0.8761655092,"3":0.9391025901,"4":0.9187062979,"5":0.8126456738,"6":0.9181235433,"7":0.9440559149,"8":0.911421895,"9":0.8257575631,"10":0.9481351972,"11":0.9294871688,"12":0.9329836965,"13":0.9160839319,"14":0.9431818128,"15":0.9402680397,"16":0.9495920539,"17":0.9460955858,"18":0.9204545617,"19":0.8802447319,"20":0.9111305475,"21":0.8595570922,"22":0.8758741021,"23":0.8819929957,"24":0.9490092993,"25":0.9286130667,"26":0.9466783404,"27":0.9428904653,"28":0.9026806355,"29":0.9513403177,"30":0.9210373163,"31":0.9455128312,"32":0.9548368454,"33":0.907925427,"34":0.5241841674,"35":0.9527971745,"36":0.9393939376,"37":0.9207459092,"38":0.9475524426,"39":0.9300699234,"40":0.9469696879,"41":0.9350233078,"42":0.9501748085,"43":0.9408507943,"44":0.9440559149,"45":0.9291958213,"46":0.9533799291,"47":0.9490092993,"48":0.9006410241,"49":0.9501748085},"val_specificity":{"0":0.8037587404,"1":0.961538434,"2":0.9460955858,"3":0.9708624482,"4":0.961538434,"5":0.912733078,"6":0.9603729844,"7":0.9724650383,"8":0.9565851092,"9":0.914044261,"10":0.9742133021,"11":0.9660547972,"12":0.9669288993,"13":0.9593531489,"14":0.9724650383,"15":0.9702796936,"16":0.9749417305,"17":0.9730477929,"18":0.9605186582,"19":0.941724956,"20":0.9570221305,"21":0.9315267801,"22":0.9386655092,"23":0.9424533844,"24":0.9745046496,"25":0.9650349617,"26":0.9742133021,"27":0.9718822837,"28":0.9526515007,"29":0.9758158326,"30":0.9608100057,"31":0.9733391404,"32":0.9775640965,"33":0.9549825191,"34":0.7622377872,"35":0.976544261,"36":0.9699883461,"37":0.9605186582,"38":0.9737762213,"39":0.9653263688,"40":0.9734848738,"41":0.9679487348,"42":0.9753788114,"43":0.9707167745,"44":0.9721736312,"45":0.9645978808,"46":0.9768356681,"47":0.9746503234,"48":0.9504662156,"49":0.975233078}}