{"loss":{"0":0.2604561746,"1":0.1306439489,"2":0.0864037275,"3":0.0637161136,"4":0.0461014733,"5":0.047779683,"6":0.0358838625,"7":0.0295278337,"8":0.026509095,"9":0.0206685439,"10":0.0225653946,"11":0.01616304,"12":0.0232162997,"13":0.0164315477,"14":0.0170886423,"15":0.0145106213,"16":0.0141200488,"17":0.0132592935,"18":0.0059231138,"19":0.0189063661,"20":0.0101753958,"21":0.0154722547,"22":0.0127040679,"23":0.0117917862,"24":0.0096076047,"25":0.014145677,"26":0.0058997045,"27":0.0106427455,"28":0.007969846,"29":0.0073617082,"30":0.0096470648,"31":0.0090217832,"32":0.0093851546,"33":0.0069531854,"34":0.005401229,"35":0.0086510042,"36":0.0103864828,"37":0.00293935,"38":0.0109075867,"39":0.0050553903,"40":0.0100286659,"41":0.0066831508,"42":0.0074793249,"43":0.0067157052,"44":0.0026258663,"45":0.0080551514,"46":0.0062298975,"47":0.0046988088,"48":0.0050538564,"49":0.003386775,"50":0.0092790304,"51":0.0036018433,"52":0.0059947302,"53":0.0073067662,"54":0.0056798044,"55":0.0040940889,"56":0.0029819058,"57":0.008816395,"58":0.0022244677,"59":0.0047492688,"60":0.006248483,"61":0.005649915,"62":0.0031015398,"63":0.0052218908,"64":0.0088090748,"65":0.0045793722,"66":0.0023546051,"67":0.0090692248,"68":0.0020430253,"69":0.001034577,"70":0.005836824,"71":0.0062835892,"72":0.0049166451,"73":0.0009403764,"74":0.005051502,"75":0.0022522069,"76":0.0083538443,"77":0.0033699917,"78":0.001877567,"79":0.0055112476,"80":0.0013123086,"81":0.0061238836,"82":0.0057174731,"83":0.0005790994,"84":0.0000598957,"85":0.0095272381,"86":0.0006898956,"87":0.0068498743,"88":0.003613964,"89":0.0001982349,"90":0.0040928531,"91":0.0040949876,"92":0.0067074671,"93":0.0020295444,"94":0.0028292246,"95":0.0011622231,"96":0.0064289104,"97":0.0030822665,"98":0.0046805129,"99":0.0056380797},"accuracy":{"0":0.903940618,"1":0.9549812675,"2":0.9697147012,"3":0.9779583812,"4":0.9840388298,"5":0.9842142463,"6":0.9878975749,"7":0.9897684455,"8":0.9906454682,"9":0.9928671718,"10":0.9932764173,"11":0.9950304031,"12":0.9918732643,"13":0.9942118526,"14":0.9946796298,"15":0.9947965145,"16":0.9954396486,"17":0.9951473475,"18":0.9980121851,"19":0.9929841161,"20":0.9972521067,"21":0.9948549867,"22":0.9959073663,"23":0.9961997271,"24":0.9966674447,"25":0.9954396486,"26":0.9980705976,"27":0.9967259169,"28":0.9974859953,"29":0.9977198243,"30":0.9969013333,"31":0.9967259169,"32":0.9967259169,"33":0.9971351624,"34":0.9978952408,"35":0.9976613522,"36":0.9963166714,"37":0.9990645647,"38":0.9963751435,"39":0.998187542,"40":0.997018218,"41":0.9980121851,"42":0.9978367686,"43":0.9977782965,"44":0.999415338,"45":0.99760288,"46":0.99760288,"47":0.9984799027,"48":0.9988306761,"49":0.9987722039,"50":0.9964920282,"51":0.9986552596,"52":0.9979537129,"53":0.997369051,"54":0.9984214306,"55":0.9988891482,"56":0.9992983937,"57":0.9970766902,"58":0.9991814494,"59":0.9980705976,"60":0.9985383749,"61":0.9981290698,"62":0.9989476204,"63":0.9984214306,"64":0.997369051,"65":0.9983629584,"66":0.9991230369,"67":0.9971351624,"68":0.999415338,"69":0.9996492267,"70":0.9982460141,"71":0.9984214306,"72":0.9984214306,"73":0.9996492267,"74":0.998187542,"75":0.9994738102,"76":0.9981290698,"77":0.9990060925,"78":0.9992983937,"79":0.9984799027,"80":0.9997661114,"81":0.9984214306,"82":0.9983044863,"83":0.9998245835,"84":1.0,"85":0.9965505004,"86":0.9998830557,"87":0.9977782965,"88":0.9987137318,"89":1.0,"90":0.9985383749,"91":0.9986552596,"92":0.9981290698,"93":0.9991230369,"94":0.9990060925,"95":0.9997076988,"96":0.9982460141,"97":0.9991814494,"98":0.9987137318,"99":0.998187542},"sensitivity":{"0":0.8932413459,"1":0.9533442259,"2":0.9692469835,"3":0.9777244925,"4":0.9839218855,"5":0.9839218855,"6":0.9877806306,"7":0.9895930886,"8":0.9905285239,"9":0.9928671718,"10":0.9932764173,"11":0.9950304031,"12":0.9918147922,"13":0.9942118526,"14":0.9946211576,"15":0.994738102,"16":0.9953811765,"17":0.9951473475,"18":0.9979537129,"19":0.9929841161,"20":0.9971351624,"21":0.994738102,"22":0.9959073663,"23":0.9961997271,"24":0.9966674447,"25":0.9954396486,"26":0.9980705976,"27":0.9967259169,"28":0.9974859953,"29":0.9976613522,"30":0.9969013333,"31":0.9967259169,"32":0.9967259169,"33":0.9971351624,"34":0.9978952408,"35":0.9975444078,"36":0.9962581992,"37":0.9990645647,"38":0.9963751435,"39":0.9981290698,"40":0.997018218,"41":0.9978952408,"42":0.9978367686,"43":0.9977782965,"44":0.999415338,"45":0.9975444078,"46":0.99760288,"47":0.9984799027,"48":0.9988306761,"49":0.9987137318,"50":0.9964920282,"51":0.9986552596,"52":0.9979537129,"53":0.997369051,"54":0.9983629584,"55":0.9988891482,"56":0.9992983937,"57":0.9970766902,"58":0.9991814494,"59":0.9980705976,"60":0.9985383749,"61":0.9981290698,"62":0.9989476204,"63":0.9984214306,"64":0.997369051,"65":0.9983629584,"66":0.9990645647,"67":0.9971351624,"68":0.999415338,"69":0.9996492267,"70":0.9982460141,"71":0.9984214306,"72":0.9984214306,"73":0.9996492267,"74":0.998187542,"75":0.9994738102,"76":0.9981290698,"77":0.9990060925,"78":0.9992983937,"79":0.9984799027,"80":0.9997661114,"81":0.9984214306,"82":0.9983044863,"83":0.9998245835,"84":1.0,"85":0.9964335561,"86":0.9998830557,"87":0.9977782965,"88":0.9987137318,"89":1.0,"90":0.9985383749,"91":0.9986552596,"92":0.9981290698,"93":0.9991230369,"94":0.9990060925,"95":0.9997076988,"96":0.9982460141,"97":0.9991814494,"98":0.9987137318,"99":0.998187542},"specificity":{"0":0.9580507278,"1":0.9784553051,"2":0.9851496816,"3":0.9891545773,"4":0.9921070933,"5":0.9922533035,"6":0.9940364957,"7":0.9949134588,"8":0.9953519702,"9":0.9964920282,"10":0.9966382384,"11":0.9975152016,"12":0.9959658384,"13":0.9971351624,"14":0.997369051,"15":0.9974567294,"16":0.9977490902,"17":0.9975736737,"18":0.9990060925,"19":0.9965212941,"20":0.9986260533,"21":0.9974859953,"22":0.9979537129,"23":0.9981583357,"24":0.9983337522,"25":0.9977198243,"26":0.9990352988,"27":0.9984214306,"28":0.9987429976,"29":0.998859942,"30":0.9984506369,"31":0.9983921647,"32":0.9983921647,"33":0.9985675812,"34":0.9989476204,"35":0.9988306761,"36":0.9982168078,"37":0.9995614886,"38":0.998187542,"39":0.9991230369,"40":0.998509109,"41":0.9990352988,"42":0.9989183545,"43":0.9989476204,"44":0.9997076988,"45":0.9988014698,"46":0.9988014698,"47":0.9992399216,"48":0.9994446039,"49":0.9993861318,"50":0.99827528,"51":0.9993276596,"52":0.9989768267,"53":0.9986845255,"54":0.9992107153,"55":0.9994446039,"56":0.9996492267,"57":0.9985675812,"58":0.9995907545,"59":0.9990352988,"60":0.9992691875,"61":0.9990645647,"62":0.9995030165,"63":0.9992107153,"64":0.9986845255,"65":0.9991814494,"66":0.9995614886,"67":0.9985968471,"68":0.9997076988,"69":0.9998245835,"70":0.9991230369,"71":0.9992107153,"72":0.9992107153,"73":0.9998245835,"74":0.999093771,"75":0.9997369051,"76":0.999093771,"77":0.9995030165,"78":0.9996492267,"79":0.9992399216,"80":0.9998830557,"81":0.9992399216,"82":0.9991522431,"83":0.9999123216,"84":1.0,"85":0.99827528,"86":0.9999415278,"87":0.9988891482,"88":0.9993568659,"89":1.0,"90":0.9992691875,"91":0.9993276596,"92":0.9991230369,"93":0.9995907545,"94":0.9995030165,"95":0.9998538494,"96":0.9991230369,"97":0.9995907545,"98":0.9993568659,"99":0.999093771},"val_loss":{"0":0.2012085021,"1":0.4983440638,"2":0.1577689499,"3":0.3176852763,"4":0.2264835536,"5":0.6898655891,"6":0.2169673145,"7":0.2027549148,"8":0.261143893,"9":0.1752714366,"10":0.2425280511,"11":0.2376897931,"12":0.2244815826,"13":0.2108581066,"14":0.2466749251,"15":0.2230771035,"16":0.2493440211,"17":0.2473355085,"18":0.3454998434,"19":0.2190317363,"20":0.2822527885,"21":0.2267973423,"22":0.2812667191,"23":0.2498225868,"24":0.4588088691,"25":0.1889529377,"26":0.2233560532,"27":0.211148411,"28":0.2279755175,"29":0.2309045196,"30":0.2175587416,"31":0.4227516651,"32":0.2142353803,"33":0.2211117595,"34":0.2292126715,"35":0.2757398784,"36":0.2327048033,"37":0.3387294114,"38":0.2733667791,"39":0.2477736175,"40":0.2123037279,"41":0.2294463217,"42":0.2062662542,"43":0.1906732023,"44":0.256783098,"45":0.2652230263,"46":0.2326064557,"47":0.2124233246,"48":0.3139704168,