{"loss":{"0":0.2651138604,"1":0.1305633634,"2":0.0925115794,"3":0.0621871948,"4":0.0517554916,"5":0.0406539962,"6":0.0364266261,"7":0.0272397678,"8":0.0290759113,"9":0.0235021263,"10":0.0250553191,"11":0.0222887732,"12":0.0188183896,"13":0.0187458787,"14":0.0157092568,"15":0.014422263,"16":0.0173400231,"17":0.0130383726,"18":0.0127458097,"19":0.0115870191,"20":0.0149976732,"21":0.0104948953,"22":0.0135356244,"23":0.0079247151,"24":0.0111218449,"25":0.0112012606,"26":0.0100651523,"27":0.0078345919,"28":0.0081789168,"29":0.0093275309,"30":0.0100413039,"31":0.0085782204,"32":0.0059888479,"33":0.0096959863,"34":0.0073899883,"35":0.012629902,"36":0.0081993211,"37":0.0053645242,"38":0.0084596137,"39":0.003740476,"40":0.0100534763,"41":0.0065668831,"42":0.0077503426,"43":0.0071372013,"44":0.0041667707,"45":0.0056796339,"46":0.0081363274,"47":0.0039566513,"48":0.0053117452,"49":0.0043938141,"50":0.0054179318,"51":0.0085629914,"52":0.0046921708,"53":0.0020654916,"54":0.008342823,"55":0.0051357108,"56":0.0020801772,"57":0.0097552054,"58":0.002270666,"59":0.0080564851,"60":0.0002022189,"61":0.0000529373,"62":0.0000104186,"63":0.0000052507,"64":0.0000026907,"65":0.0000015063,"66":0.0000008477,"67":0.0000004932,"68":0.0000002831,"69":0.0000001718,"70":0.0000001,"71":0.0000000632,"72":0.0000000373,"73":0.0000000244,"74":0.0000000147,"75":0.0000000101,"76":0.0000000063,"77":0.0000000044,"78":0.0000000027,"79":0.000000002,"80":0.0000000013,"81":0.0000000008,"82":0.0000000005,"83":0.0000000005,"84":0.0000000003,"85":0.0000000002,"86":0.0000000001,"87":0.0000000001,"88":0.0000000001,"89":0.0,"90":0.0,"91":0.0,"92":0.0,"93":0.0,"94":0.0,"95":0.0,"96":0.0,"97":0.0,"98":0.0,"99":0.0},"accuracy":{"0":0.9049929976,"1":0.9535196424,"2":0.9668498635,"3":0.9781337976,"4":0.9809985757,"5":0.9857928157,"6":0.986728251,"7":0.9907039404,"8":0.9907624125,"9":0.9920486212,"10":0.9916978478,"11":0.9920486212,"12":0.9931010008,"13":0.9938610792,"14":0.994387269,"15":0.9957320094,"16":0.9939195514,"17":0.9958489537,"18":0.9952642918,"19":0.9962581992,"20":0.9947965145,"21":0.9964335561,"22":0.9953811765,"23":0.9974859953,"24":0.9963751435,"25":0.9960827827,"26":0.9962581992,"27":0.997018218,"28":0.9973105788,"29":0.9969597459,"30":0.996784389,"31":0.9972521067,"32":0.9981290698,"33":0.9969013333,"34":0.9977782965,"35":0.9964335561,"36":0.9970766902,"37":0.9980121851,"38":0.9967259169,"39":0.9987722039,"40":0.9968428612,"41":0.9978952408,"42":0.9969013333,"43":0.997369051,"44":0.9983629584,"45":0.9981290698,"46":0.9975444078,"47":0.9987722039,"48":0.9983629584,"49":0.9987722039,"50":0.9978367686,"51":0.9973105788,"52":0.9987137318,"53":0.999415338,"54":0.9974859953,"55":0.9983629584,"56":0.999415338,"57":0.9969013333,"58":0.999415338,"59":0.9974859953,"60":1.0,"61":1.0,"62":1.0,"63":1.0,"64":1.0,"65":1.0,"66":1.0,"67":1.0,"68":1.0,"69":1.0,"70":1.0,"71":1.0,"72":1.0,"73":1.0,"74":1.0,"75":1.0,"76":1.0,"77":1.0,"78":1.0,"79":1.0,"80":1.0,"81":1.0,"82":1.0,"83":1.0,"84":1.0,"85":1.0,"86":1.0,"87":1.0,"88":1.0,"89":1.0,"90":1.0,"91":1.0,"92":1.0,"93":1.0,"94":1.0,"95":1.0,"96":1.0,"97":1.0,"98":1.0,"99":1.0},"sensitivity":{"0":0.8950538039,"1":0.9519410729,"2":0.9663821459,"3":0.9775491357,"4":0.9806478024,"5":0.9856173992,"6":0.9866697788,"7":0.9904700518,"8":0.9905285239,"9":0.991990149,"10":0.9916393757,"11":0.9919317365,"12":0.9929841161,"13":0.9938610792,"14":0.994387269,"15":0.9956735373,"16":0.9938610792,"17":0.9957904816,"18":0.9952058196,"19":0.9962581992,"20":0.994738102,"21":0.9964335561,"22":0.9952058196,"23":0.9974859953,"24":0.9963751435,"25":0.9960243106,"26":0.9962581992,"27":0.997018218,"28":0.9972521067,"29":0.9969597459,"30":0.996784389,"31":0.9972521067,"32":0.9981290698,"33":0.9969013333,"34":0.9977198243,"35":0.9963166714,"36":0.9970766902,"37":0.9979537129,"38":0.9967259169,"39":0.9987722039,"40":0.9968428612,"41":0.9978952408,"42":0.9969013333,"43":0.9973105788,"44":0.9983629584,"45":0.9981290698,"46":0.9975444078,"47":0.9987722039,"48":0.9983629584,"49":0.9987722039,"50":0.9978367686,"51":0.9973105788,"52":0.9986552596,"53":0.999415338,"54":0.9974859953,"55":0.9983629584,"56":0.999415338,"57":0.9968428612,"58":0.999415338,"59":0.9974859953,"60":1.0,"61":1.0,"62":1.0,"63":1.0,"64":1.0,"65":1.0,"66":1.0,"67":1.0,"68":1.0,"69":1.0,"70":1.0,"71":1.0,"72":1.0,"73":1.0,"74":1.0,"75":1.0,"76":1.0,"77":1.0,"78":1.0,"79":1.0,"80":1.0,"81":1.0,"82":1.0,"83":1.0,"84":1.0,"85":1.0,"86":1.0,"87":1.0,"88":1.0,"89":1.0,"90":1.0,"91":1.0,"92":1.0,"93":1.0,"94":1.0,"95":1.0,"96":1.0,"97":1.0,"98":1.0,"99":1.0},"specificity":{"0":0.9589277506,"1":0.9774906635,"2":0.9840388298,"3":0.9892130494,"4":0.9905869961,"5":0.9929841161,"6":0.9935395122,"7":0.9954104424,"8":0.9954981208,"9":0.9961412549,"10":0.99587816,"11":0.9961704612,"12":0.9966089725,"13":0.997018218,"14":0.9971936345,"15":0.9979244471,"16":0.9969597459,"17":0.9979244471,"18":0.997690618,"19":0.9981583357,"20":0.9974275231,"21":0.9982168078,"22":0.997690618,"23":0.9987429976,"24":0.998187542,"25":0.9981290698,"26":0.9981290698,"27":0.998509109,"28":0.9986552596,"29":0.9984799027,"30":0.9983921647,"31":0.9986552596,"32":0.9990645647,"33":0.9984506369,"34":0.9988891482,"35":0.9982460141,"36":0.9985383749,"37":0.9990352988,"38":0.9983629584,"39":0.9993861318,"40":0.9984214306,"41":0.9989476204,"42":0.9984799027,"43":0.9987137318,"44":0.9991814494,"45":0.9990645647,"46":0.9987722039,"47":0.9993861318,"48":0.9992107153,"49":0.9993861318,"50":0.9989183545,"51":0.9986552596,"52":0.9993568659,"53":0.9997076988,"54":0.9987429976,"55":0.9991814494,"56":0.9997076988,"57":0.9984799027,"58":0.9997076988,"59":0.9988014698,"60":1.0,"61":1.0,"62":1.0,"63":1.0,"64":1.0,"65":1.0,"66":1.0,"67":1.0,"68":1.0,"69":1.0,"70":1.0,"71":1.0,"72":1.0,"73":1.0,"74":1.0,"75":1.0,"76":1.0,"77":1.0,"78":1.0,"79":1.0,"80":1.0,"81":1.0,"82":1.0,"83":1.0,"84":1.0,"85":1.0,"86":1.0,"87":1.0,"88":1.0,"89":1.0,"90":1.0,"91":1.0,"92":1.0,"93":1.0,"94":1.0,"95":1.0,"96":1.0,"97":1.0,"98":1.0,"99":1.0},"val_loss":{"0":0.1565564424,"1":0.1679226011,"2":0.1514374018,"3":0.4571229815,"4":0.1984850317,"5":0.2988616228,"6":3.2733447552,"7":1.1580427885,"8":0.2053826898,"9":0.2960875928,"10":0.1854275167,"11":0.2600750327,"12":0.1943929195,"13":0.2057531029,"14":0.1926439852,"15":0.225007385,"16":0.2017844319,"17":0.2009331584,"18":0.2449460477,"19":0.2457195371,"20":0.1875724345,"21":0.521399796,"22":0.5669697523,"23":0.2280541956,"24":0.2094344348,"25":0.1782991588,"26":0.2068915963,"27":0.1846018136,"28":0.2417241931,"29":0.195940271,"30":0.2293983847,"31":0.234126538,"32":0.2027956992,"33":0.2064246237,"34":0.2168783247,"35":0.2081288993,"36":0.1829197556,"37":0.2571293116,"38":0.2013874054,"39":0.1937188059,"40":0.1819776297,"41":0.2549493611,"42":0.1826180369,"43":0.1864398718,"44":0.2790537179,"45":0.1945768297,"46":0.2031508386,"47":0.2101373225,"48":0.2054343671,"49":0.2402568907,"50":0.3504585028,"51":0.2654844522,"52":0.2326201499,"53":0.2539076209,"54":0.2191073596,"55":0.2415588945,"56":0.8202696443,"57":0.2004973292,"58":0.2930700183,"59":0.2060028464,"60":0.2214509696,"61":0.2420208603,"62":0.2518537939,"63":0.2629708052,"64":0.27508232,"65":0.2867847681,"66":0.2957030237,"67":0.3071395159,"68":0.3131560683,"69":0.325958699,"70":0.3340811729,"71":0.3438484669,"72":0.3509491086,"73":0.3598639667,"74":0.3655474186,"75":0.3737615049,"76":0.3787839413,"77":0.3858596087,"78":0.3895538449,"79":0.3965833485,"80":0.3985727131,"81":0.4010198712,"82":0.4073747993,"83":0.4124553204,"84":0.4139180183,"85":0.4183367789,"86":0.4158754349,"87":0.422193706,"88":0.4175252616,"89":0.4262761772,"90":0.4267429113,"91":0.4298347533,"92":0.4261549711,"93":0.4320065975,"94":0.4323301315,"95":0.4341117442,"96":0.43416062,"97":0.4354037941,"98":0.4353964925,"99":0.4303379059},"val_accuracy":{"0":0.9473314881,"1":0.9466292262,"2":0.9531835318,"3":0.8789793849,"4":0.9405430555,"5":0.9122191072,"6":0.4721441865,"7":0.7462546825,"8":0.9470973611,"9":0.9363296032,