{"loss":{"0":0.2501003146,"1":0.1288121492,"2":0.0819460228,"3":0.0684297979,"4":0.0511460565,"5":0.0422559232,"6":0.0353360921,"7":0.0274127331,"8":0.027046157,"9":0.0273878705,"10":0.0230823234,"11":0.0173232481,"12":0.0191095974,"13":0.0179830547,"14":0.0161937326,"15":0.0134233041,"16":0.01600473,"17":0.0174822565,"18":0.0097276326,"19":0.017916875,"20":0.0064040925,"21":0.0118721882,"22":0.0155988391,"23":0.0089728963,"24":0.0131438272,"25":0.0093312236,"26":0.0113586485,"27":0.0091633061,"28":0.0057933656,"29":0.0115900766,"30":0.0115574943,"31":0.0044818521,"32":0.0101166926,"33":0.0094807837,"34":0.009795255,"35":0.0054078558,"36":0.0071486929,"37":0.0069981925,"38":0.0061046486,"39":0.0070069572,"40":0.0072275484,"41":0.0091599608,"42":0.0056033595,"43":0.0051262481,"44":0.0051837182,"45":0.007731095,"46":0.0084409351,"47":0.0041102148,"48":0.0044358494,"49":0.0084653022,"50":0.0049582771,"51":0.0039397008,"52":0.0085019805,"53":0.0042097187,"54":0.0024359562,"55":0.008959326,"56":0.0036206725,"57":0.0051809927,"58":0.002927898,"59":0.0057202466,"60":0.0054191463,"61":0.0065206252,"62":0.0036008947,"63":0.002623905,"64":0.0070358654,"65":0.0067973169,"66":0.0012877713,"67":0.0043478394,"68":0.0061292457,"69":0.0040816749,"70":0.0032819433,"71":0.0036341131,"72":0.0054795649,"73":0.0046445513,"74":0.0022336517,"75":0.0058334828,"76":0.0054010889,"77":0.0038018096,"78":0.0017998662,"79":0.0036463486,"80":0.0018720163,"81":0.0082101077,"82":0.0082649225,"83":0.0018564736,"84":0.0001405214,"85":0.0000770704,"86":0.0000222707,"87":0.0000051485,"88":0.0000024492,"89":0.0000013837,"90":0.0000007634,"91":0.0000004423,"92":0.0000002424,"93":0.0000001431,"94":0.0000000816,"95":0.0000000493,"96":0.0000000301,"97":0.0000000185,"98":0.0000000122,"99":0.0000000078},"accuracy":{"0":0.9079162478,"1":0.9548643827,"2":0.9718194604,"3":0.9764382839,"4":0.9819925427,"5":0.9856173992,"6":0.9881898761,"7":0.9904700518,"8":0.9901192784,"9":0.9898853898,"10":0.9922240376,"11":0.9940949678,"12":0.9936272502,"13":0.9942703247,"14":0.994971931,"15":0.9952642918,"16":0.99415344,"17":0.9944457412,"18":0.9966089725,"19":0.9942118526,"20":0.9978367686,"21":0.9960243106,"22":0.9948549867,"23":0.9971936345,"24":0.9952058196,"25":0.9971351624,"26":0.9964920282,"27":0.9969597459,"28":0.9983044863,"29":0.9970766902,"30":0.9961412549,"31":0.9985383749,"32":0.996784389,"33":0.9961412549,"34":0.9961997271,"35":0.998187542,"36":0.9976613522,"37":0.9979537129,"38":0.9980705976,"39":0.9979537129,"40":0.9974859953,"41":0.9965505004,"42":0.9982460141,"43":0.9984799027,"44":0.998187542,"45":0.9971936345,"46":0.9975444078,"47":0.9987722039,"48":0.9981290698,"49":0.9971936345,"50":0.9986552596,"51":0.9988891482,"52":0.99760288,"53":0.9983044863,"54":0.999415338,"55":0.9972521067,"56":0.9988306761,"57":0.9981290698,"58":0.9988306761,"59":0.9980705976,"60":0.9979537129,"61":0.9980705976,"62":0.9987722039,"63":0.9992399216,"64":0.9979537129,"65":0.9978952408,"66":0.9997076988,"67":0.9982460141,"68":0.9980121851,"69":0.9986552596,"70":0.9988306761,"71":0.9988891482,"72":0.9981290698,"73":0.9978952408,"74":0.9992983937,"75":0.998187542,"76":0.9985383749,"77":0.9988891482,"78":0.9994738102,"79":0.9986552596,"80":0.9993568659,"81":0.9983044863,"82":0.9977782965,"83":0.9993568659,"84":1.0,"85":1.0,"86":1.0,"87":1.0,"88":1.0,"89":1.0,"90":1.0,"91":1.0,"92":1.0,"93":1.0,"94":1.0,"95":1.0,"96":1.0,"97":1.0,"98":1.0,"99":1.0},"sensitivity":{"0":0.8986786604,"1":0.953753531,"2":0.971059382,"3":0.9762628675,"4":0.981700182,"5":0.9854419827,"6":0.9880145192,"7":0.9901777506,"8":0.9900608063,"9":0.9898269176,"10":0.9921070933,"11":0.9940949678,"12":0.9936272502,"13":0.9942118526,"14":0.994971931,"15":0.9952642918,"16":0.99415344,"17":0.994387269,"18":0.9964920282,"19":0.9940364957,"20":0.9978367686,"21":0.9960243106,"22":0.9947965145,"23":0.997018218,"24":0.9952058196,"25":0.9971351624,"26":0.9964335561,"27":0.9969597459,"28":0.9983044863,"29":0.997018218,"30":0.9960827827,"31":0.9985383749,"32":0.996784389,"33":0.9960243106,"34":0.9961997271,"35":0.998187542,"36":0.9976613522,"37":0.9979537129,"38":0.9980705976,"39":0.9979537129,"40":0.9974859953,"41":0.9965505004,"42":0.9982460141,"43":0.9984799027,"44":0.998187542,"45":0.9971936345,"46":0.9974275231,"47":0.9987722039,"48":0.9981290698,"49":0.9971936345,"50":0.9986552596,"51":0.9988891482,"52":0.99760288,"53":0.9983044863,"54":0.999415338,"55":0.9972521067,"56":0.9988306761,"57":0.9981290698,"58":0.9988306761,"59":0.9980705976,"60":0.9979537129,"61":0.9980705976,"62":0.9987722039,"63":0.9992399216,"64":0.9979537129,"65":0.9978952408,"66":0.9997076988,"67":0.9982460141,"68":0.9980121851,"69":0.9986552596,"70":0.9988306761,"71":0.9988891482,"72":0.9981290698,"73":0.9978952408,"74":0.9992983937,"75":0.998187542,"76":0.9985383749,"77":0.9988891482,"78":0.9994738102,"79":0.9986552596,"80":0.9993568659,"81":0.9983044863,"82":0.9977198243,"83":0.9993568659,"84":1.0,"85":1.0,"86":1.0,"87":1.0,"88":1.0,"89":1.0,"90":1.0,"91":1.0,"92":1.0,"93":1.0,"94":1.0,"95":1.0,"96":1.0,"97":1.0,"98":1.0,"99":1.0},"specificity":{"0":0.9590446949,"1":0.9781337976,"2":0.9860851169,"3":0.988452971,"4":0.9912886024,"5":0.992896378,"6":0.99415344,"7":0.9952642918,"8":0.9950888753,"9":0.9950011969,"10":0.9961704612,"11":0.9971059561,"12":0.9968135953,"13":0.9971644282,"14":0.9975152016,"15":0.9976613522,"16":0.9970766902,"17":0.9972521067,"18":0.9983044863,"19":0.9971644282,"20":0.9989183545,"21":0.9980121851,"22":0.9974567294,"23":0.9985968471,"24":0.99760288,"25":0.9985675812,"26":0.9982460141,"27":0.998509109,"28":0.9991522431,"29":0.9985383749,"30":0.9980998635,"31":0.9992691875,"32":0.9984214306,"33":0.9980998635,"34":0.9981290698,"35":0.999093771,"36":0.9988306761,"37":0.9989768267,"38":0.9990352988,"39":0.9989768267,"40":0.9987429976,"41":0.99827528,"42":0.9991230369,"43":0.9992399216,"44":0.999093771,"45":0.9985968471,"46":0.9987722039,"47":0.9993861318,"48":0.9990645647,"49":0.9985968471,"50":0.9993276596,"51":0.9994738102,"52":0.9988014698,"53":0.9991522431,"54":0.9997076988,"55":0.9986552596,"56":0.999415338,"57":0.9990645647,"58":0.999415338,"59":0.9990352988,"60":0.9990060925,"61":0.9990352988,"62":0.9993861318,"63":0.9996199608,"64":0.9989768267,"65":0.9989476204,"66":0.9998538494,"67":0.9991230369,"68":0.9990060925,"69":0.9993276596,"70":0.9994738102,"71":0.9994738102,"72":0.9990645647,"73":0.9989476204,"74":0.9996492267,"75":0.999093771,"76":0.9992691875,"77":0.9994446039,"78":0.9997369051,"79":0.9993276596,"80":0.9996784329,"81":0.9991522431,"82":0.9989183545,"83":0.9996784329,"84":1.0,"85":1.0,"86":1.0,"87":1.0,"88":1.0,"89":1.0,"90":1.0,"91":1.0,"92":1.0,"93":1.0,"94":1.0,"95":1.0,"96":1.0,"97":1.0,"98":1.0,"99":1.0},"val_loss":{"0":0.2193315029,"1":0.1791683137,"2":0.1922847033,"3":0.1785844415,"4":0.2355243713,"5":0.1914584786,"6":0.2794748545,"7":0.2330949157,"8":0.3474464417,"9":0.1980902553,"10":0.2334563136,"11":0.2263246179,"12":0.2186669409,"13":0.24140127,"14":0.2631956339,"15":0.2641420066,"16":0.2775300145,"17":0.2000240088,"18":0.2839756906,"19":0.2957587838,"20":0.253590554,"21":0.2323191911,"22":0.2051025182,"23":0.2401006818,"24":0.2717311084,"25":0.3786588311,"26":0.2070590258,"27":0.2282688469,"28":0.2798897028,"29":1.1023305655,"30":0.2412447929,"31":0.240012005,"32":0.3996681571,"33":0.2834153473,"34":0.2682717443,"35":0.2481355071,"36":0.2707383633,"37":0.3068390489,"38":0.2731625438,"39":0.281378299,"40":0.3182169199,"41":0.3328927755,"42":0.2332814485,"43":0.2865431607,"44":0.2676262856,"45":0.2952991426,"46":0.2571182549,"47":0.2676998377,"48":0.2860471308,"49":0.216631487,"50":0.2586421072,"51":0.2632021606,"52":0.2688800991,"53":0.3143827319,"54":0.2751376927,"55":0.3419279158,"56":0.3143914938,"57":0.2501656115,"58":0.2608959675,"59":0.3183278143,"60":0.3864443898,"61":0.2632220984,"62":0.2879058421,"63":0.2838948369,"64":0.3072985709,"65":0.2781978846,"66":0.2380835861,"67":0.3247015178,"68":0.3118868172,"69":0.333932966,