{"loss":{"0":0.2620392144,"1":0.1312413216,"2":0.0915634483,"3":0.0728889033,"4":0.048805099,"5":0.0427914001,"6":0.0359932072,"7":0.0272170622,"8":0.0313253887,"9":0.022294173,"10":0.0258800387,"11":0.0175434407,"12":0.0193629619,"13":0.0156623553,"14":0.0170103535,"15":0.0165488664,"16":0.0165436529,"17":0.0197688509,"18":0.0122483121,"19":0.012339971,"20":0.0125149144,"21":0.0157518741,"22":0.0127457343,"23":0.0083343843,"24":0.011344403,"25":0.0116440067,"26":0.0092958855,"27":0.0100820363,"28":0.0089852903,"29":0.0097067058,"30":0.0091646751,"31":0.0093143387,"32":0.0091479709,"33":0.0051522059,"34":0.0046155853,"35":0.0127508631,"36":0.0075401096,"37":0.0048824893,"38":0.0098753655,"39":0.0070602177,"40":0.0069955057,"41":0.0061944779,"42":0.0081514679,"43":0.0034033111,"44":0.0093003055,"45":0.0003631175,"46":0.0137229878,"47":0.0052018189,"48":0.0055268505,"49":0.0091323247,"50":0.0026983691,"51":0.0038379824,"52":0.0116648246,"53":0.0063650561,"54":0.0058426182,"55":0.0046582595,"56":0.0013314714,"57":0.0116677014,"58":0.0029287105,"59":0.0063637779,"60":0.0021905457,"61":0.0081454404,"62":0.0037104478,"63":0.0019700597,"64":0.0077596535,"65":0.0054265298,"66":0.000616089,"67":0.0078486744,"68":0.0042523653,"69":0.0066140234,"70":0.0038458679,"71":0.0058754911,"72":0.0018648076,"73":0.0084754797,"74":0.0032510082,"75":0.0040290509,"76":0.0027457892,"77":0.0043388172,"78":0.0041833278,"79":0.004143815,"80":0.0039771949,"81":0.0058836802,"82":0.003738099,"83":0.0001713333,"84":0.0000802476,"85":0.0000091802,"86":0.0000062008,"87":0.0000024646,"88":0.0000014361,"89":0.0000008163,"90":0.0000004742,"91":0.0000002759,"92":0.00000016,"93":0.0000000943,"94":0.000000056,"95":0.0000000341,"96":0.000000021,"97":0.0000000132,"98":0.0000000084,"99":0.0000000056},"accuracy":{"0":0.9066885114,"1":0.9538120031,"2":0.9672006369,"3":0.9745673537,"4":0.9832202792,"5":0.9848573208,"6":0.9873129129,"7":0.9902946949,"8":0.9890084267,"9":0.9916393757,"10":0.9908208847,"11":0.994387269,"12":0.9938026071,"13":0.994738102,"14":0.9946796298,"15":0.9947965145,"16":0.994738102,"17":0.9932179451,"18":0.9955565929,"19":0.9957320094,"20":0.9959073663,"21":0.9952058196,"22":0.9957904816,"23":0.9974859953,"24":0.9959658384,"25":0.9959658384,"26":0.9971351624,"27":0.9960827827,"28":0.9971936345,"29":0.9971351624,"30":0.9972521067,"31":0.9969597459,"32":0.996784389,"33":0.9983044863,"34":0.9987137318,"35":0.9959658384,"36":0.99760288,"37":0.9988306761,"38":0.9966674447,"39":0.9980121851,"40":0.9976613522,"41":0.9976613522,"42":0.9972521067,"43":0.9989476204,"44":0.9969013333,"45":1.0,"46":0.9956150651,"47":0.9983044863,"48":0.9988306761,"49":0.9973105788,"50":0.9991230369,"51":0.9987137318,"52":0.997018218,"53":0.9977782965,"54":0.9980121851,"55":0.9985968471,"56":0.9994738102,"57":0.9965505004,"58":0.9990645647,"59":0.9975444078,"60":0.9990645647,"61":0.9970766902,"62":0.9985968471,"63":0.999415338,"64":0.99760288,"65":0.998187542,"66":0.9997661114,"67":0.9976613522,"68":0.9986552596,"69":0.9977782965,"70":0.9987137318,"71":0.9981290698,"72":0.9992983937,"73":0.997369051,"74":0.9987137318,"75":0.9994738102,"76":0.9991814494,"77":0.9989476204,"78":0.9988891482,"79":0.9987722039,"80":0.9984799027,"81":0.9981290698,"82":0.9990645647,"83":0.9999415278,"84":1.0,"85":1.0,"86":1.0,"87":1.0,"88":1.0,"89":1.0,"90":1.0,"91":1.0,"92":1.0,"93":1.0,"94":1.0,"95":1.0,"96":1.0,"97":1.0,"98":1.0,"99":1.0},"sensitivity":{"0":0.894118309,"1":0.9522918463,"2":0.9663821459,"3":0.9741581082,"4":0.9831618071,"5":0.9846234918,"6":0.9871959686,"7":0.9901192784,"8":0.9888330102,"9":0.9914055467,"10":0.9906454682,"11":0.9942703247,"12":0.9938026071,"13":0.9946796298,"14":0.9946211576,"15":0.9946796298,"16":0.994738102,"17":0.9930425882,"18":0.9954396486,"19":0.9957320094,"20":0.9959073663,"21":0.9952058196,"22":0.9957320094,"23":0.9974859953,"24":0.9959658384,"25":0.9958489537,"26":0.9971351624,"27":0.9960827827,"28":0.9971936345,"29":0.997018218,"30":0.9971351624,"31":0.9969013333,"32":0.996784389,"33":0.9983044863,"34":0.9987137318,"35":0.9959658384,"36":0.99760288,"37":0.9987722039,"38":0.9966674447,"39":0.9979537129,"40":0.9976613522,"41":0.99760288,"42":0.9972521067,"43":0.9989476204,"44":0.9969013333,"45":1.0,"46":0.9956150651,"47":0.9982460141,"48":0.9988306761,"49":0.9973105788,"50":0.9991230369,"51":0.9987137318,"52":0.9969597459,"53":0.9977782965,"54":0.9980121851,"55":0.9985968471,"56":0.9994738102,"57":0.9965505004,"58":0.9990645647,"59":0.9975444078,"60":0.9990645647,"61":0.9970766902,"62":0.9985383749,"63":0.999415338,"64":0.99760288,"65":0.998187542,"66":0.9997661114,"67":0.9976613522,"68":0.9986552596,"69":0.9977782965,"70":0.9987137318,"71":0.9981290698,"72":0.9992983937,"73":0.997369051,"74":0.9987137318,"75":0.9994738102,"76":0.9991814494,"77":0.9989476204,"78":0.9988891482,"79":0.9987722039,"80":0.9984799027,"81":0.9981290698,"82":0.9990645647,"83":0.9999415278,"84":1.0,"85":1.0,"86":1.0,"87":1.0,"88":1.0,"89":1.0,"90":1.0,"91":1.0,"92":1.0,"93":1.0,"94":1.0,"95":1.0,"96":1.0,"97":1.0,"98":1.0,"99":1.0},"specificity":{"0":0.959015429,"1":0.9777244925,"2":0.9840680361,"3":0.9875760078,"4":0.9917270541,"5":0.9926332831,"6":0.9937441349,"7":0.9951473475,"8":0.9945626855,"9":0.9959073663,"10":0.9954396486,"11":0.9971936345,"12":0.9969013333,"13":0.997369051,"14":0.9973397851,"15":0.9973982573,"16":0.9974567294,"17":0.9966674447,"18":0.9977782965,"19":0.9978659749,"20":0.9979537129,"21":0.99760288,"22":0.9978952408,"23":0.9987429976,"24":0.9980413914,"25":0.9979829192,"26":0.9985675812,"27":0.9980998635,"28":0.9985968471,"29":0.9985968471,"30":0.9986260533,"31":0.9985383749,"32":0.9983921647,"33":0.9991522431,"34":0.9993861318,"35":0.9979829192,"36":0.9988014698,"37":0.999415338,"38":0.9983337522,"39":0.9990060925,"40":0.9988306761,"41":0.9988306761,"42":0.9986260533,"43":0.9994738102,"44":0.9985383749,"45":1.0,"46":0.9978075027,"47":0.9991522431,"48":0.999415338,"49":0.9986845255,"50":0.9995614886,"51":0.9993568659,"52":0.998509109,"53":0.9988891482,"54":0.9990060925,"55":0.9992983937,"56":0.9997369051,"57":0.9983629584,"58":0.9995322824,"59":0.9987722039,"60":0.9995322824,"61":0.9985383749,"62":0.9992983937,"63":0.9997076988,"64":0.9988014698,"65":0.999093771,"66":0.9998830557,"67":0.9988306761,"68":0.9993276596,"69":0.9988891482,"70":0.9993568659,"71":0.9990645647,"72":0.9996492267,"73":0.9986845255,"74":0.9993568659,"75":0.9997369051,"76":0.9995907545,"77":0.9994738102,"78":0.9994446039,"79":0.9993861318,"80":0.9992399216,"81":0.9990645647,"82":0.9995322824,"83":0.9999707937,"84":1.0,"85":1.0,"86":1.0,"87":1.0,"88":1.0,"89":1.0,"90":1.0,"91":1.0,"92":1.0,"93":1.0,"94":1.0,"95":1.0,"96":1.0,"97":1.0,"98":1.0,"99":1.0},"val_loss":{"0":0.1620251834,"1":0.1625743061,"2":0.3454585969,"3":0.1575050056,"4":0.2584106624,"5":0.2065729052,"6":0.1500428915,"7":0.697863996,"8":0.2939273417,"9":0.1446335465,"10":0.215296194,"11":0.1607762575,"12":0.1684170216,"13":0.1738100052,"14":0.2252154946,"15":0.1707628369,"16":0.1462802887,"17":0.1776203066,"18":0.4574898183,"19":0.5854147077,"20":0.1458761841,"21":0.2608371973,"22":0.1980756223,"23":0.1763670892,"24":0.2910208404,"25":0.2646407485,"26":0.1653599888,"27":0.192406863,"28":0.1948090047,"29":0.184263438,"30":0.2800470293,"31":0.1731989682,"32":0.302591145,"33":0.2029000372,"34":0.2545667291,"35":0.2036104053,"36":0.4155019522,"37":0.4053259194,"38":0.1765070558,"39":0.1640788168,"40":0.1978680044,"41":0.1738538146,"42":0.2099374533,"43":0.1949209869,"44":0.1878851056,"45":0.2180663198,"46":0.2284561247,"47":0.1639084965,"48":0.3116041422,"49":0.1467031687,"50":0.1688107699,"51":0.2678073645,"52":0.2364552468,"53":0.3002639115,"54":0.1788193733,"55":0.3314495683,"56":0.2021284848,"57":0.2184461206,"58":0.2035543919,"59":0.2109461874,"60":0.2668999732,"61":0.1992235184,"62":0.1967606694,"63":0.2404126525,"64":0.285387814,"65":0.1676636785,"66":0.2698001862,"67":0.2006968111,"68":0.3991687596,"69":0.2140724212,"70":0.206756711,