{"loss":{"0":0.2448456883,"1":0.12303406,"2":0.0915626734,"3":0.0714127347,"4":0.0551819429,"5":0.0461866967,"6":0.0351805016,"7":0.0316664837,"8":0.0261683464,"9":0.0260242559,"10":0.0225689355,"11":0.0212546177,"12":0.0186975282,"13":0.0187433474,"14":0.0143038556,"15":0.0129596032,"16":0.015599668,"17":0.0143977795,"18":0.0148622645,"19":0.0145232659,"20":0.0115247173,"21":0.0095094461,"22":0.0124377394,"23":0.0102356477,"24":0.0122508062,"25":0.0091942102,"26":0.0094637228,"27":0.0091150431,"28":0.0077169514,"29":0.0111547699,"30":0.0071651465,"31":0.0091238525,"32":0.0081567038,"33":0.0075550345,"34":0.007276698,"35":0.0086309686,"36":0.008942456,"37":0.0069261612,"38":0.0081714978,"39":0.0066056335,"40":0.0054178964,"41":0.0086092446,"42":0.0039113639,"43":0.0068732649,"44":0.0045778505,"45":0.0082980916,"46":0.0047309455,"47":0.0057681883,"48":0.0057929731,"49":0.0081035662},"accuracy":{"0":0.9109281301,"1":0.9574756622,"2":0.9686096311,"3":0.9746912718,"4":0.9811471105,"5":0.9832522273,"6":0.9880239367,"7":0.9893338084,"8":0.9912050962,"9":0.9906904697,"10":0.992000401,"11":0.9925149679,"12":0.9938248396,"13":0.9934037924,"14":0.9953218699,"15":0.9954621792,"16":0.9953218699,"17":0.9949944019,"18":0.9953218699,"19":0.9949476123,"20":0.996257484,"21":0.9963978529,"22":0.9956025481,"23":0.9969592094,"24":0.996117115,"25":0.9970995784,"26":0.9966317415,"27":0.9969124198,"28":0.9971930981,"29":0.9956961274,"30":0.9974270463,"31":0.9974270463,"32":0.9977077246,"33":0.9972866774,"34":0.9975673556,"35":0.9970995784,"36":0.997333467,"37":0.9979884028,"38":0.9976609349,"39":0.9978480339,"40":0.9983158708,"41":0.9970995784,"42":0.998736918,"43":0.9978948236,"44":0.9987837076,"45":0.9973802567,"46":0.9981287718,"47":0.9980819821,"48":0.9978012443,"49":0.9973802567},"sensitivity":{"0":0.9018525481,"1":0.9565400481,"2":0.9681886435,"3":0.974083066,"4":0.9809131622,"5":0.9831587076,"6":0.9878836274,"7":0.9892870784,"8":0.9911583066,"9":0.9905969501,"10":0.9919536114,"11":0.9925149679,"12":0.9937780499,"13":0.9934037924,"14":0.9952750802,"15":0.9954621792,"16":0.9952750802,"17":0.9949008226,"18":0.9953218699,"19":0.9949476123,"20":0.9962106943,"21":0.9963510633,"22":0.9956025481,"23":0.9969124198,"24":0.996070385,"25":0.9970995784,"26":0.9965849519,"27":0.9968656301,"28":0.9971930981,"29":0.9956961274,"30":0.9974270463,"31":0.9974270463,"32":0.9977077246,"33":0.9972866774,"34":0.9975673556,"35":0.9970527887,"36":0.997333467,"37":0.9979884028,"38":0.9976609349,"39":0.9978480339,"40":0.9983158708,"41":0.9970995784,"42":0.998736918,"43":0.9978948236,"44":0.9987837076,"45":0.9973802567,"46":0.9981287718,"47":0.9980819821,"48":0.9977545142,"49":0.9973802567},"specificity":{"0":0.9605632424,"1":0.9792991877,"2":0.9845855236,"3":0.9875093699,"4":0.9906904697,"5":0.9916729331,"6":0.9940353632,"7":0.994690299,"8":0.9956961274,"9":0.9953686595,"10":0.9960001707,"11":0.996280849,"12":0.9969124198,"13":0.9967486858,"14":0.9976609349,"15":0.9977545142,"16":0.9976609349,"17":0.9975439906,"18":0.9977077246,"19":0.9974737763,"20":0.9981521368,"21":0.9982457161,"22":0.9978012443,"23":0.9984796047,"24":0.9980585575,"25":0.9985497594,"26":0.9983158708,"27":0.9984562397,"28":0.998596549,"29":0.9978714585,"30":0.9987134933,"31":0.998736918,"32":0.9988538623,"33":0.9986433387,"34":0.9988070726,"35":0.9985497594,"36":0.9986667037,"37":0.9990175962,"38":0.9988538623,"39":0.998924017,"40":0.9991813302,"41":0.9985497594,"42":0.9993918538,"43":0.9989474416,"44":0.9993918538,"45":0.9986901283,"46":0.9990643859,"47":0.9990409613,"48":0.9989006519,"49":0.9986901283}}