{"loss":{"0":0.2230561078,"1":0.1148560569,"2":0.0892751738,"3":0.0630798489,"4":0.0551604144,"5":0.0419628359,"6":0.0289822202,"7":0.029908184,"8":0.0219087042,"9":0.0241272915,"10":0.0193596333,"11":0.0204827432,"12":0.0184809919,"13":0.0180439129,"14":0.0172516238,"15":0.0132344086,"16":0.0146887926,"17":0.0114096031,"18":0.0112772528,"19":0.012493059,"20":0.0150874732,"21":0.0124142794,"22":0.0077020167,"23":0.0079869069,"24":0.0125789195,"25":0.0112037333,"26":0.0081054391,"27":0.0067505687,"28":0.0108288964,"29":0.00895325,"30":0.0079271961,"31":0.0089065498,"32":0.0073569776,"33":0.0081369216,"34":0.0071031381,"35":0.0075128069,"36":0.0069598672,"37":0.0091553768,"38":0.0068856357,"39":0.0060530282,"40":0.0074938508,"41":0.0055452818,"42":0.004200337,"43":0.0079347743,"44":0.0063315872,"45":0.0065891072,"46":0.0074231909,"47":0.0055060023,"48":0.0048043751,"49":0.0032306823,"50":0.0077460175,"51":0.0035202156,"52":0.0060424325,"53":0.0072761481,"54":0.0028123858,"55":0.0061531952,"56":0.0046378546,"57":0.0068891305,"58":0.0040185358,"59":0.0070522367,"60":0.0037417184,"61":0.0083879214,"62":0.0029761442,"63":0.0033171219,"64":0.0044942508,"65":0.003527313,"66":0.0063999076,"67":0.0031903612,"68":0.0072896574,"69":0.0034227688,"70":0.0044260859,"71":0.0055870642,"72":0.0038833378,"73":0.0048775505,"74":0.0029452206,"75":0.0024054651,"76":0.0075062606,"77":0.0041107624,"78":0.0023839807,"79":0.0043910448,"80":0.0045625637,"81":0.0057244366,"82":0.0025652535,"83":0.0028983543,"84":0.0049277367,"85":0.0042563002,"86":0.0021866588,"87":0.0053869663,"88":0.0037200456,"89":0.0052633449,"90":0.0028099208,"91":0.0027590778,"92":0.0033890323,"93":0.004673338,"94":0.0042093056,"95":0.0044345111,"96":0.0034010685,"97":0.0019057109,"98":0.0045159864,"99":0.0016353434},"accuracy":{"0":0.9193020463,"1":0.9610310793,"2":0.9696388245,"3":0.9790887237,"4":0.980632484,"5":0.9848895669,"6":0.9898484349,"7":0.9905969501,"8":0.9927956462,"9":0.9929360151,"10":0.9931231141,"11":0.9938248396,"12":0.9937780499,"13":0.9940587282,"14":0.9943394661,"15":0.995930016,"16":0.9952282906,"17":0.996070385,"18":0.9962106943,"19":0.9957896471,"20":0.9958832264,"21":0.9962106943,"22":0.9972866774,"23":0.9973802567,"24":0.9963978529,"25":0.9963042736,"26":0.9973802567,"27":0.9983626604,"28":0.9967253208,"29":0.9970059991,"30":0.9974737763,"31":0.9971463084,"32":0.9976609349,"33":0.9975673556,"34":0.9977077246,"35":0.9980351925,"36":0.9978480339,"37":0.9968656301,"38":0.9975673556,"39":0.9984094501,"40":0.9976609349,"41":0.9978948236,"42":0.9982690811,"43":0.9977077246,"44":0.9984094501,"45":0.9986433387,"46":0.9977077246,"47":0.9985029697,"48":0.9984094501,"49":0.9989708066,"50":0.9978480339,"51":0.9988772273,"52":0.9984094501,"53":0.9977077246,"54":0.9990643859,"55":0.9981287718,"56":0.9985497594,"57":0.9979416132,"58":0.9984094501,"59":0.9981755018,"60":0.9987837076,"61":0.9974270463,"62":0.9990175962,"63":0.9991579056,"64":0.9986433387,"65":0.9990643859,"66":0.9981287718,"67":0.9988304377,"68":0.9978012443,"69":0.9992514849,"70":0.9987837076,"71":0.9988772273,"72":0.998596549,"73":0.9983626604,"74":0.9987837076,"75":0.9992982745,"76":0.9980819821,"77":0.9986433387,"78":0.9992514849,"79":0.9988304377,"80":0.998596549,"81":0.9984562397,"82":0.9991579056,"83":0.9987837076,"84":0.9985029697,"85":0.9986901283,"86":0.9993918538,"87":0.9984562397,"88":0.998924017,"89":0.9985029697,"90":0.9991111755,"91":0.9988772273,"92":0.9990643859,"93":0.9983626604,"94":0.9988772273,"95":0.9989708066,"96":0.998924017,"97":0.9994386435,"98":0.9986901283,"99":0.9994854331},"sensitivity":{"0":0.9137350321,"1":0.9604229331,"2":0.9688435793,"3":0.9786676764,"4":0.9803985953,"5":0.9847024679,"6":0.9898016453,"7":0.9905033708,"8":0.9927020669,"9":0.9928424358,"10":0.9929828048,"11":0.9937780499,"12":0.9937780499,"13":0.9940587282,"14":0.9943394661,"15":0.995930016,"16":0.9951815009,"17":0.9960235953,"18":0.9961639047,"19":0.9957896471,"20":0.9958364367,"21":0.9961639047,"22":0.9972866774,"23":0.9973802567,"24":0.9963978529,"25":0.9963042736,"26":0.9973802567,"27":0.9983626604,"28":0.9966317415,"29":0.9970059991,"30":0.9974270463,"31":0.9970995784,"32":0.9976609349,"33":0.9975673556,"34":0.9977077246,"35":0.9979884028,"36":0.9978480339,"37":0.9968188405,"38":0.9975673556,"39":0.9984094501,"40":0.9976141453,"41":0.9978480339,"42":0.9982690811,"43":0.9976609349,"44":0.9984094501,"45":0.9986433387,"46":0.9976141453,"47":0.9984562397,"48":0.9984094501,"49":0.9989708066,"50":0.9977545142,"51":0.9988772273,"52":0.9984094501,"53":0.9976609349,"54":0.9990643859,"55":0.9981287718,"56":0.9985029697,"57":0.9978948236,"58":0.9984094501,"59":0.9981755018,"60":0.9987837076,"61":0.997333467,"62":0.9990175962,"63":0.9991579056,"64":0.998596549,"65":0.9990643859,"66":0.9981287718,"67":0.9988304377,"68":0.9977077246,"69":0.9992514849,"70":0.9987837076,"71":0.9988772273,"72":0.998596549,"73":0.9983626604,"74":0.998736918,"75":0.9992982745,"76":0.9979884028,"77":0.9986433387,"78":0.9992514849,"79":0.9988304377,"80":0.998596549,"81":0.9984094501,"82":0.9991579056,"83":0.9987837076,"84":0.9984562397,"85":0.9986901283,"86":0.9993918538,"87":0.9984562397,"88":0.998924017,"89":0.9985029697,"90":0.9991111755,"91":0.9988772273,"92":0.9990643859,"93":0.9982690811,"94":0.9988772273,"95":0.9988772273,"96":0.9988772273,"97":0.9994386435,"98":0.9986901283,"99":0.9994854331},"specificity":{"0":0.9633935094,"1":0.9809131622,"2":0.9851468801,"3":0.9896379113,"4":0.9904800057,"5":0.9926553369,"6":0.995017767,"7":0.9953218699,"8":0.9964680076,"9":0.9965381622,"10":0.9966083169,"11":0.9969358444,"12":0.9969592094,"13":0.9970761538,"14":0.997169733,"15":0.9979649782,"16":0.9976609349,"17":0.9980351925,"18":0.9981287718,"19":0.9978948236,"20":0.9979649782,"21":0.9981287718,"22":0.9986433387,"23":0.9986901283,"24":0.9981989264,"25":0.9981521368,"26":0.9987134933,"27":0.9991813302,"28":0.9984328151,"29":0.9985263944,"30":0.998736918,"31":0.998573184,"32":0.9988304377,"33":0.9987837076,"34":0.9988538623,"35":0.9990175962,"36":0.9989474416,"37":0.9984328151,"38":0.9987837076,"39":0.9992046952,"40":0.9988304377,"41":0.9989708066,"42":0.9991345406,"43":0.9989006519,"44":0.9992046952,"45":0.9993216395,"46":0.9988538623,"47":0.9992749095,"48":0.9992046952,"49":0.9994854331,"50":0.998924017,"51":0.9994386435,"52":0.9992046952,"53":0.9988538623,"54":0.9995321631,"55":0.9990643859,"56":0.9992749095,"57":0.9989708066,"58":0.9992046952,"59":0.9991111755,"60":0.9993918538,"61":0.998736918,"62":0.9995087981,"63":0.9995789528,"64":0.9993216395,"65":0.9995321631,"66":0.9990643859,"67":0.9994152188,"68":0.998924017,"69":0.9996257424,"70":0.9993918538,"71":0.9994386435,"72":0.9992982745,"73":0.9991813302,"74":0.9993918538,"75":0.9996491671,"76":0.9990643859,"77":0.9993450642,"78":0.9996257424,"79":0.9994152188,"80":0.9992982745,"81":0.9992281199,"82":0.9995789528,"83":0.9993918538,"84":0.9992749095,"85":0.9993684292,"86":0.9996958971,"87":0.9992281199,"88":0.9994620085,"89":0.9992749095,"90":0.9995555878,"91":0.9994386435,"92":0.9995555878,"93":0.9991813302,"94":0.9994386435,"95":0.9995087981,"96":0.9994620085,"97":0.9997193217,"98":0.9993450642,"99":0.9997426867}}