{"loss":{"0":0.2479488552},"accuracy":{"0":0.9093843699},"sensitivity":{"0":0.8985778689},"specificity":{"0":0.9604229331}}