{"loss":{"0":0.1745007038},"accuracy":{"0":0.93634969},"sensitivity":{"0":0.928900063},"specificity":{"0":0.972830832}}