{"loss":{"0":0.1747384816,"1":0.0728847533,"2":0.0515327305,"3":0.0364089087,"4":0.0321229622,"5":0.0253897067,"6":0.02113989,"7":0.0205813181,"8":0.0150665082,"9":0.0165036581},"accuracy":{"0":0.93733567,"1":0.9745289087,"2":0.9820058942,"3":0.9872918725,"4":0.9886065125,"5":0.9909618497,"6":0.9926325679,"7":0.9923586845,"8":0.9949605465,"9":0.9943032265},"sensitivity":{"0":0.9292834997,"1":0.9739263654,"2":0.9818142056,"3":0.9872370958,"4":0.9883599877,"5":0.9909618497,"6":0.9924955964,"7":0.9922491312,"8":0.9949057698,"9":0.9942210913},"specificity":{"0":0.9732279778,"1":0.987483561,"2":0.9911398888,"3":0.9937281013,"4":0.9943580031,"5":0.9955220222,"6":0.9963299632,"7":0.9962067008,"8":0.9975350499,"9":0.997220099}}