{"loss":{"0":0.2356529683},"accuracy":{"0":0.9125187397},"sensitivity":{"0":0.9044722915},"specificity":{"0":0.9616158605}}