{"loss":{"0":0.1771498919,"1":0.0641652048,"2":0.0439427271,"3":0.031538371,"4":0.0257792175,"5":0.0198632143,"6":0.0189521201,"7":0.0158967972,"8":0.0143837072,"9":0.0148324436},"accuracy":{"0":0.9375821352,"1":0.9784454703,"2":0.9848816991,"3":0.9887708426,"4":0.9910166264,"5":0.9930160046,"6":0.9930707812,"7":0.9948236346,"8":0.9952344298,"9":0.995097518},"sensitivity":{"0":0.9284344912,"1":0.9778977036,"2":0.9846625924,"3":0.9886612892,"4":0.9909344912,"5":0.9929612279,"6":0.9930160046,"7":0.9948236346,"8":0.9952070713,"9":0.9950700998},"specificity":{"0":0.9735429287,"1":0.989441812,"2":0.9925230145,"3":0.9944812655,"4":0.9955220222,"5":0.9965080023,"6":0.9966038465,"7":0.9974392056,"8":0.9976172447,"9":0.9975898266}}