{"loss":{"0":0.2379083484,"1":0.1091195047,"2":0.0729309842,"3":0.0544831343,"4":0.0375894457,"5":0.0334637091,"6":0.0284874588,"7":0.0194904823,"8":0.0202002954,"9":0.0176323839,"10":0.0155190062,"11":0.0173209999,"12":0.015067149,"13":0.0113251312,"14":0.0134752821,"15":0.0109348549,"16":0.0098541975,"17":0.0118146138,"18":0.0119621409,"19":0.0107683856,"20":0.0084796231,"21":0.006882472,"22":0.0113776391,"23":0.0087504741,"24":0.0076212371,"25":0.0089299334,"26":0.0084394431,"27":0.0036171442,"28":0.0105109233,"29":0.0076377247,"30":0.0042859921,"31":0.0078154327,"32":0.0077148029,"33":0.0035753713,"34":0.0060816598,"35":0.008522558,"36":0.0055373921,"37":0.0072293561,"38":0.0039939214,"39":0.0030842114,"40":0.0079001281,"41":0.0055837017,"42":0.0051159798,"43":0.0051631709,"44":0.0056727477,"45":0.0042925593,"46":0.0040045846,"47":0.0065477989,"48":0.0014353323,"49":0.0012088045},"accuracy":{"0":0.914249599,"1":0.9642589688,"2":0.9755800962,"3":0.9813342094,"4":0.9869947433,"5":0.9887724519,"6":0.9906904697,"7":0.9937312603,"8":0.9930763245,"9":0.9939652085,"10":0.994854033,"11":0.9941523075,"12":0.994854033,"13":0.996070385,"14":0.9955557585,"15":0.9960235953,"16":0.9970059991,"17":0.9964913726,"18":0.9960235953,"19":0.9963510633,"20":0.9976141453,"21":0.9979884028,"22":0.9964913726,"23":0.9968656301,"24":0.9976141453,"25":0.9968656301,"26":0.9970995784,"27":0.9989708066,"28":0.9968188405,"29":0.9978012443,"30":0.9985497594,"31":0.9972398877,"32":0.997520566,"33":0.9988304377,"34":0.9981287718,"35":0.9976141453,"36":0.9982222915,"37":0.9974270463,"38":0.9985497594,"39":0.9992514849,"40":0.9976609349,"41":0.9981755018,"42":0.9981287718,"43":0.9980819821,"44":0.9983626604,"45":0.9988772273,"46":0.9988304377,"47":0.9979416132,"48":0.9997193217,"49":0.9996257424},"sensitivity":{"0":0.9053611755,"1":0.9631829858,"2":0.975299418,"3":0.9810535312,"4":0.9869012237,"5":0.9887256622,"6":0.9905969501,"7":0.9936377406,"8":0.9930763245,"9":0.9939652085,"10":0.9947604537,"11":0.9941523075,"12":0.994854033,"13":0.9960235953,"14":0.9955089688,"15":0.9959768057,"16":0.9970059991,"17":0.9964445829,"18":0.9960235953,"19":0.9963510633,"20":0.9975673556,"21":0.9979416132,"22":0.9963978529,"23":0.9968656301,"24":0.9976141453,"25":0.9967721105,"26":0.9970995784,"27":0.998924017,"28":0.9968188405,"29":0.9978012443,"30":0.9985497594,"31":0.9971930981,"32":0.997520566,"33":0.9988304377,"34":0.9981287718,"35":0.9976141453,"36":0.9981755018,"37":0.9974270463,"38":0.9985029697,"39":0.9992514849,"40":0.9976609349,"41":0.9981755018,"42":0.9981287718,"43":0.9980819821,"44":0.9983626604,"45":0.9988772273,"46":0.9988304377,"47":0.9979416132,"48":0.9997193217,"49":0.9996257424},"specificity":{"0":0.9618497491,"1":0.9828779697,"2":0.9880005717,"3":0.9908308387,"4":0.993590951,"5":0.9945032001,"6":0.9953920245,"7":0.9969124198,"8":0.9965615869,"9":0.9970293641,"10":0.9974270463,"11":0.9970761538,"12":0.9974270463,"13":0.9980351925,"14":0.9978246689,"15":0.9980117679,"16":0.9985497594,"17":0.9982457161,"18":0.9980351925,"19":0.9981755018,"20":0.9988538623,"21":0.9990409613,"22":0.9982457161,"23":0.9984562397,"24":0.9988070726,"25":0.9984328151,"26":0.9985497594,"27":0.9994854331,"28":0.9984562397,"29":0.998924017,"30":0.9992982745,"31":0.9986199737,"32":0.998760283,"33":0.9994386435,"34":0.9990643859,"35":0.9988070726,"36":0.9991111755,"37":0.9987134933,"38":0.9992982745,"39":0.9996257424,"40":0.9988304377,"41":0.9991111755,"42":0.9990877509,"43":0.9990409613,"44":0.9991813302,"45":0.9994386435,"46":0.9994152188,"47":0.9989708066,"48":0.9998596311,"49":0.999812901}}