{"loss":{"0":0.1718348861},"accuracy":{"0":0.9391980767},"sensitivity":{"0":0.932104528},"specificity":{"0":0.9735703468}}