{"loss":{"0":0.4910186827,"1":0.2408566177,"2":0.1855592579,"3":0.1534221768,"4":0.1375640035,"5":0.126066193,"6":0.1111057252,"7":0.1025439948,"8":0.1043660566,"9":0.0904439911,"10":0.0766409934,"11":0.0701718926,"12":0.0622175559,"13":0.0602230206,"14":0.0587533638,"15":0.0478411876,"16":0.0448725335,"17":0.0345935188,"18":0.0316937678,"19":0.0322010219,"20":0.0280493032,"21":0.0234453287,"22":0.0237962324,"23":0.0180891696,"24":0.0235722512,"25":0.0245888848,"26":0.0135889128,"27":0.016550364,"28":0.0232247245,"29":0.0140941665,"30":0.0122329844,"31":0.0165724847,"32":0.0120899836,"33":0.0122131603,"34":0.0156817995,"35":0.0092328647,"36":0.017164968,"37":0.0160973351,"38":0.012130538,"39":0.007277023,"40":0.0114133777,"41":0.0103829848,"42":0.0044014705,"43":0.016509166,"44":0.006891212,"45":0.0088410247,"46":0.0128320875,"47":0.006220161,"48":0.0118535096,"49":0.0058745383,"50":0.0103418538,"51":0.0104027567,"52":0.0079886671,"53":0.0098240934,"54":0.0071510137,"55":0.0058590882,"56":0.0112510873,"57":0.0072000106,"58":0.0065500159,"59":0.0117668742,"60":0.0030353833,"61":0.0026987279,"62":0.0000603132,"63":0.000010342,"64":0.0000047998,"65":0.0000032222,"66":0.0000022489,"67":0.0000015998,"68":0.0000011484,"69":0.0000008299,"70":0.0000006016,"71":0.0000004359,"72":0.000000315,"73":0.000000228,"74":0.0000001651,"75":0.0000001196,"76":0.0000000868,"77":0.0000000628,"78":0.0000000454,"79":0.0000000333,"80":0.0000000244,"81":0.000000018,"82":0.0000000134,"83":0.0000000099,"84":0.0000000074,"85":0.0000000056,"86":0.0000000042,"87":0.0000000031,"88":0.0000000024,"89":0.0000000019,"90":0.0000000015,"91":0.000000001,"92":0.0000000008,"93":0.0000000006,"94":0.0000000005,"95":0.0000000004,"96":0.0000000003,"97":0.0000000002,"98":0.0000000001,"99":0.0000000001},"accuracy":{"0":0.7956216335,"1":0.9158868194,"2":0.9353275299,"3":0.947638154,"4":0.9498106241,"5":0.9547683001,"6":0.9597816467,"7":0.9655191898,"8":0.9654634595,"9":0.9698083997,"10":0.9734848738,"11":0.9766042829,"12":0.9794451594,"13":0.9774955511,"14":0.9799465537,"15":0.9828988314,"16":0.9842914343,"17":0.9880793095,"18":0.9885249734,"19":0.9890263081,"20":0.9906417131,"21":0.9919785857,"22":0.9912544489,"23":0.9938168526,"24":0.9920343161,"25":0.9906974435,"26":0.9953208566,"27":0.9942067862,"28":0.99136585,"29":0.995487988,"30":0.9957107902,"31":0.9944853187,"32":0.9961563945,"33":0.9960449934,"34":0.9947637916,"35":0.9969362617,"36":0.9948752522,"37":0.9950423241,"38":0.9958221912,"39":0.9970476627,"40":0.9964906573,"41":0.9966020584,"42":0.9987187982,"43":0.9952094555,"44":0.9980503321,"45":0.9971590638,"46":0.995487988,"47":0.9980503321,"48":0.9960449934,"49":0.997938931,"50":0.9967691898,"51":0.9963235259,"52":0.9974933267,"53":0.9971033931,"54":0.9977161288,"55":0.9983845949,"56":0.9963792562,"57":0.9973819256,"58":0.9977718592,"59":0.9959335923,"60":0.9991087317,"61":0.9994986653,"62":1.0,"63":1.0,"64":1.0,"65":1.0,"66":1.0,"67":1.0,"68":1.0,"69":1.0,"70":1.0,"71":1.0,"72":1.0,"73":1.0,"74":1.0,"75":1.0,"76":1.0,"77":1.0,"78":1.0,"79":1.0,"80":1.0,"81":1.0,"82":1.0,"83":1.0,"84":1.0,"85":1.0,"86":1.0,"87":1.0,"88":1.0,"89":1.0,"90":1.0,"91":1.0,"92":1.0,"93":1.0,"94":1.0,"95":1.0,"96":1.0,"97":1.0,"98":1.0,"99":1.0},"sensitivity":{"0":0.7359068394,"1":0.9113747478,"2":0.9336563945,"3":0.947081089,"4":0.9493092895,"5":0.954099834,"6":0.9593359828,"7":0.965184927,"8":0.9653520584,"9":0.9696412683,"10":0.9733177423,"11":0.9763814807,"12":0.9792780876,"13":0.9773284197,"14":0.979835093,"15":0.9828431606,"16":0.9840686321,"17":0.9879122376,"18":0.988469243,"19":0.9890263081,"20":0.9905859828,"21":0.9919785857,"22":0.9911430478,"23":0.9937054515,"24":0.9919785857,"25":0.9905859828,"26":0.9953208566,"27":0.9942067862,"28":0.99136585,"29":0.9954322577,"30":0.9957107902,"31":0.9944853187,"32":0.9961563945,"33":0.9959893227,"34":0.9947081208,"35":0.9969362617,"36":0.9948195219,"37":0.9950423241,"38":0.9958221912,"39":0.9970476627,"40":0.9964906573,"41":0.9966020584,"42":0.9986631274,"43":0.9952094555,"44":0.9980503321,"45":0.9971590638,"46":0.9954322577,"47":0.9979946613,"48":0.9960449934,"49":0.997938931,"50":0.9967134595,"51":0.9963235259,"52":0.9974933267,"53":0.9971033931,"54":0.9977161288,"55":0.9983845949,"56":0.9963792562,"57":0.9973261952,"58":0.9977718592,"59":0.9959335923,"60":0.9991087317,"61":0.9994986653,"62":1.0,"63":1.0,"64":1.0,"65":1.0,"66":1.0,"67":1.0,"68":1.0,"69":1.0,"70":1.0,"71":1.0,"72":1.0,"73":1.0,"74":1.0,"75":1.0,"76":1.0,"77":1.0,"78":1.0,"79":1.0,"80":1.0,"81":1.0,"82":1.0,"83":1.0,"84":1.0,"85":1.0,"86":1.0,"87":1.0,"88":1.0,"89":1.0,"90":1.0,"91":1.0,"92":1.0,"93":1.0,"94":1.0,"95":1.0,"96":1.0,"97":1.0,"98":1.0,"99":1.0},"specificity":{"0":0.9371657968,"1":0.9597259164,"2":0.9687221646,"3":0.9743204117,"4":0.9755180478,"5":0.9778576493,"6":0.9803085923,"7":0.9828988314,"8":0.9829823971,"9":0.9849877357,"10":0.9867981076,"11":0.988469243,"12":0.9897504449,"13":0.9888591766,"14":0.9900568128,"15":0.991505146,"16":0.9922292829,"17":0.9940674901,"18":0.9942903519,"19":0.9945688248,"20":0.9953765869,"21":0.9959893227,"22":0.9956550598,"23":0.9969084263,"24":0.9960728884,"25":0.9953486919,"26":0.9976603985,"27":0.9971590638,"28":0.9957107902,"29":0.9977439642,"30":0.9978553653,"31":0.9972426295,"32":0.998078227,"33":0.9980224967,"34":0.997409761,"35":0.9984681606,"36":0.9974654913,"37":0.997521162,"38":0.9979110956,"39":0.9985516667,"40":0.9982452989,"41":0.9983010292,"42":0.9993594289,"43":0.9976047277,"44":0.999025166,"45":0.9985795617,"46":0.9977718592,"47":0.999025166,"48":0.9980224967,"49":0.9989694953,"50":0.9983845949,"51":0.9981617928,"52":0.9987466335,"53":0.9985516667,"54":0.9988580942,"55":0.9991922975,"56":0.9982452989,"57":0.9987187982,"58":0.9988859296,"59":0.997966826,"60":0.9995543957,"61":0.9997493029,"62":1.0,"63":1.0,"64":1.0,"65":1.0,"66":1.0,"67":1.0,"68":1.0,"69":1.0,"70":1.0,"71":1.0,"72":1.0,"73":1.0,"74":1.0,"75":1.0,"76":1.0,"77":1.0,"78":1.0,"79":1.0,"80":1.0,"81":1.0,"82":1.0,"83":1.0,"84":1.0,"85":1.0,"86":1.0,"87":1.0,"88":1.0,"89":1.0,"90":1.0,"91":1.0,"92":1.0,"93":1.0,"94":1.0,"95":1.0,"96":1.0,"97":1.0,"98":1.0,"99":1.0},"val_loss":{"0":0.3485170603,"1":0.1973051429,"2":0.1839180291,"3":0.1706515849,"4":0.1833147109,"5":0.1734205633,"6":0.1683232635,"7":0.1844163835,"8":0.1862960011,"9":0.1956936866,"10":0.1943760663,"11":0.2228381038,"12":0.2322347909,"13":0.194117412,"14":0.1783151478,"15":0.1914347559,"16":0.2101242989,"17":0.1904250383,"18":0.2109393328,"19":0.2238702327,"20":0.2796011865,"21":0.2602106333,"22":0.2183202803,"23":0.2869731188,"24":0.2960360646,"25":0.2752944529,"26":0.2118123025,"27":0.2633428872,"28":0.317193538,"29":0.2308847457,"30":0.299105078,"31":0.4595837593,"32":0.3151296079,"33":0.31248492,"34":0.3051533699,"35":0.2850862145,"36":0.3771757185,"37":0.2476860434,"38":0.3019500673,"39":0.3145055473,"40":0.2495706677,"41":0.2561475933,"42":0.340785563,"43":0.29385373,"44":0.2884699702,"45":0.3029674888,"46":0.2852356136,"47":0.3454585075,"48":0.3911788464,"49":0.3589628637,"50":0.3367432654,"51":0.3053452373,"52":0.4061818719,"53":0.3292838931,"54":0.3632392883,"55":0.5650631189,"56":0.3144364655,"57":0.3952327371,"58":0.5268996954,"59":0.2861551642,"60":0.319317162,"61":0.334443301,"62":0.4009086788,"63":0.3903169334,"64":0.3992083073,"65":0.4038341939,"66":0.413613528,"67":0.4283002317,"68":0.436889708,"69":0.4481474757,"70":0.4555699229,"71":0.4682444334,"72":0.478566438,"73":0.488958627,"74":0.499474138,"75":0.5101400018,"76":0.518571198,"77":0.5318806171,"78":0.5426222086,"79":0.5533336401,"80":0.5638353825,"81":0.5743898749,"82":0.5847097039,"83":0.5946840048,"84":0.6045771837,"85":0.6141267419,"86":0.6198806763,"87":0.6321775913,"88":0.6405843496,"89":0.648560524,"90":0.656727314,"91":0.6525567174,"92":0.6700089574,"93":0.6758095026,"94":0.6821264029,"95":0.6881778836,"96":0.6862020493,"97":0.6981133223,"98":0.6940082908,"99":0.7068185806},"val_accuracy":{"0":0.8741238117,"1":0.9299065471,