{"loss":{"0":0.2443925142},"accuracy":{"0":0.9138257504},"sensitivity":{"0":0.9032976627},"specificity":{"0":0.9634023905},"val_loss":{"0":0.2291809767},"val_accuracy":{"0":0.9303613305},"val_sensitivity":{"0":0.9294871688},"val_specificity":{"0":0.9656177163}}