{"loss":{"0":0.2778846622},"accuracy":{"0":0.8987856507},"sensitivity":{"0":0.8760583997},"specificity":{"0":0.9592803121},"val_loss":{"0":1.3681145906},"val_accuracy":{"0":0.4278621376},"val_sensitivity":{"0":0.4170560837},"val_specificity":{"0":0.7453271151}}