{"loss":{"0":0.2237590402,"1":0.0894031525,"2":0.0511034243,"3":0.0400423966,"4":0.027168991,"5":0.0218889881,"6":0.026949754,"7":0.0163342264,"8":0.0218121409,"9":0.0138812596,"10":0.0123091219,"11":0.022433918,"12":0.0109693995,"13":0.0126221022,"14":0.0107941059,"15":0.009577807,"16":0.0110834455,"17":0.0090115657,"18":0.0103130005,"19":0.0068402537,"20":0.0112163052,"21":0.0069770208,"22":0.0050584651,"23":0.0093720341,"24":0.006661131,"25":0.0106376922,"26":0.0050778119,"27":0.0047627939,"28":0.008471312,"29":0.006163897,"30":0.0061015291,"31":0.0035371592,"32":0.0089138467,"33":0.003173847,"34":0.0074958582,"35":0.0056971894,"36":0.0029233852,"37":0.0032564001,"38":0.0073494213,"39":0.0050833076,"40":0.0053956085,"41":0.0063349591,"42":0.0019384988,"43":0.007381402,"44":0.0033358249,"45":0.0026156518,"46":0.0028933089,"47":0.0022310056,"48":0.0049853772,"49":0.0045037465},"accuracy":{"0":0.9202874303,"1":0.9700312018,"2":0.9822303653,"3":0.9862411022,"4":0.9913101792,"5":0.9921457171,"6":0.9918115139,"7":0.9945967197,"8":0.993426919,"9":0.9950980544,"10":0.9960449934,"11":0.9922571182,"12":0.9962121248,"13":0.9957664609,"14":0.9964906573,"15":0.9967691898,"16":0.9963792562,"17":0.9968248606,"18":0.9963792562,"19":0.9976047277,"20":0.9967134595,"21":0.9976603985,"22":0.9983845949,"23":0.9973819256,"24":0.9977161288,"25":0.9970476627,"26":0.9982174635,"27":0.9983288646,"28":0.9973261952,"29":0.9978275299,"30":0.9980503321,"31":0.9988301992,"32":0.9972147942,"33":0.9986631274,"34":0.9978275299,"35":0.9981060624,"36":0.9989416003,"37":0.9991644621,"38":0.997938931,"39":0.9986073971,"40":0.9982731938,"41":0.9983288646,"42":0.999442935,"43":0.997938931,"44":0.9988859296,"45":0.9991087317,"46":0.9991087317,"47":0.9990530014,"48":0.9986073971,"49":0.9986631274},"sensitivity":{"0":0.9073083997,"1":0.9694184661,"2":0.9820075631,"3":0.9860739708,"4":0.9911987782,"5":0.9921457171,"6":0.9917557836,"7":0.9945967197,"8":0.993426919,"9":0.9950980544,"10":0.9960449934,"11":0.9922571182,"12":0.9962121248,"13":0.9957664609,"14":0.996434927,"15":0.9967691898,"16":0.9963792562,"17":0.9967691898,"18":0.9963792562,"19":0.9976047277,"20":0.9967134595,"21":0.9976603985,"22":0.9983845949,"23":0.9973261952,"24":0.9977161288,"25":0.996991992,"26":0.9982174635,"27":0.9983288646,"28":0.9972705245,"29":0.9978275299,"30":0.9980503321,"31":0.9988301992,"32":0.9972147942,"33":0.9986631274,"34":0.9978275299,"35":0.9980503321,"36":0.9988859296,"37":0.9991644621,"38":0.997938931,"39":0.9986073971,"40":0.9982731938,"41":0.9982731938,"42":0.999442935,"43":0.997938931,"44":0.9988859296,"45":0.9991087317,"46":0.9991087317,"47":0.9990530014,"48":0.9986073971,"49":0.9986631274},"specificity":{"0":0.9655470252,"1":0.985461235,"2":0.99136585,"3":0.9933433533,"4":0.9956829548,"5":0.9961007237,"6":0.9959335923,"7":0.9972983599,"8":0.9967134595,"9":0.9975489974,"10":0.9980503321,"11":0.9962399602,"12":0.9981338978,"13":0.9979110956,"14":0.9982452989,"15":0.9983845949,"16":0.9981896281,"17":0.9984402657,"18":0.9982452989,"19":0.9988023639,"20":0.9983566999,"21":0.9988301992,"22":0.9991922975,"23":0.9987187982,"24":0.9988580942,"25":0.9985238314,"26":0.9991087317,"27":0.9991644621,"28":0.9986631274,"29":0.998913765,"30":0.999025166,"31":0.9994150996,"32":0.9986073971,"33":0.9993315339,"34":0.998913765,"35":0.9990808964,"36":0.99947083,"37":0.999582231,"38":0.9989973307,"39":0.9993036985,"40":0.9991365671,"41":0.9991644621,"42":0.9997214675,"43":0.9989694953,"44":0.99947083,"45":0.9995543957,"46":0.9995543957,"47":0.9995265007,"48":0.9993036985,"49":0.9993315339},"val_loss":{"0":0.1352760643,"1":0.2420286536,"2":0.1578191668,"3":0.2269703746,"4":0.2165358514,"5":0.175347656,"6":0.1842497587,"7":0.2267978936,"8":0.2316297591,"9":0.2280148268,"10":0.2328540534,"11":0.2236912102,"12":0.2797609866,"13":0.2897897065,"14":0.2445154637,"15":0.2254941911,"16":0.25167799,"17":0.2280792147,"18":0.2022852302,"19":0.2966910899,"20":0.2152706981,"21":0.203170076,"22":0.2505168021,"23":0.2254253775,"24":0.1942786276,"25":0.2552882731,"26":0.2218699306,"27":0.32431826,"28":0.3974536657,"29":0.2275024056,"30":0.2205806822,"31":0.2499905378,"32":0.1871876717,"33":0.2457433641,"34":0.2354566455,"35":0.3091134429,"36":0.2618862987,"37":0.1870002002,"38":0.2219454497,"39":0.2718679011,"40":0.2591085434,"41":0.2403311729,"42":0.2970142663,"43":0.2422626317,"44":0.3548569977,"45":0.2286646962,"46":0.2734592557,"47":0.3187327087,"48":0.2815463245,"49":0.3418150842},"val_accuracy":{"0":0.9526869059,"1":0.9223130941,"2":0.9538551569,"3":0.9322429895,"4":0.9538551569,"5":0.9573597908,"6":0.9558995366,"7":0.9567757249,"8":0.9532710314,"9":0.9553154111,"10":0.9573597908,"11":0.9547312856,"12":0.9556074739,"13":0.9483060837,"14":0.9556074739,"15":0.9556074739,"16":0.9561915994,"17":0.9556074739,"18":0.9608644843,"19":0.9556074739,"20":0.9585280418,"21":0.9579439163,"22":0.9643691778,"23":0.9637850523,"24":0.9620327353,"25":0.9541472197,"26":0.9602803588,"27":0.9535630941,"28":0.9512266517,"29":0.9564836621,"30":0.962908864,"31":0.9620327353,"32":0.9556074739,"33":0.9596962333,"34":0.9602803588,"35":0.9556074739,"36":0.959988296,"37":0.9602803588,"38":0.9649532437,"39":0.9620327353,"40":0.9564836621,"41":0.9611565471,"42":0.962908864,"43":0.9532710314,"44":0.9544392228,"45":0.9632009268,"46":0.9594042301,"47":0.9634929895,"48":0.9652453065,"49":0.9576518536},"val_sensitivity":{"0":0.9512266517,"1":0.9202687144,"2":0.9538551569,"3":0.9310747385,"4":0.9538551569,"5":0.9573597908,"6":0.9550233483,"7":0.9567757249,"8":0.9532710314,"9":0.9553154111,"10":0.9573597908,"11":0.9541472197,"12":0.9556074739,"13":0.9483060837,"14":0.9556074739,"15":0.9556074739,"16":0.9561915994,"17":0.9556074739,"18":0.9605724216,"19":0.9556074739,"20":0.9585280418,"21":0.9576518536,"22":0.9643691778,"23":0.9637850523,"24":0.9620327353,"25":0.9538551569,"26":0.9602803588,"27":0.9535630941,"28":0.9506425261,"29":0.9564836621,"30":0.962908864,"31":0.9620327353,"32":0.9553154111,"33":0.9596962333,"34":0.959988296,"35":0.9556074739,"36":0.959988296,"37":0.9602803588,"38":0.9649532437,"39":0.9620327353,"40":0.9564836621,"41":0.9611565471,"42":0.9623247385,"43":0.9532710314,"44":0.9541472197,"45":0.9632009268,"46":0.9594042301,"47":0.9634929895,"48":0.9652453065,"49":0.9576518536},"val_specificity":{"0":0.9780957699,"1":0.9615946412,"2":0.9770736098,"3":0.9662675261,"4":0.9772196412,"5":0.9788259268,"6":0.9780957699,"7":0.978533864,"8":0.9767815471,"9":0.9778037667,"10":0.9788259268,"11":0.9773656726,"12":0.9779497385,"13":0.9741530418,"14":0.9778037667,"15":0.9778037667,"16":0.9782418013,"17":0.9778037667,"18":0.9805782437,"19":0.9778037667,"20":0.9792640209,"21":0.9791179895,"22":0.9821845889,"23":0.9818925261,"24":0.9810163379,"25":0.9772196412,"26":0.980432272,"27":0.9770736098,"28":0.9759053588,"29":0.9782418013,"30":0.981454432,"31":0.9810163379,"32":0.9779497385,"33":0.9799941778,"34":0.980432272,"35":0.9779497385,"36":0.9799941778,"37":0.9801402092,"38":0.9824766517,"39":0.9810163379,"40":0.9782418013,"41":0.9805782437,"42":0.981454432,"43":0.9766355157,"44":0.9772196412,"45":0.9816004634,"46":0.9797021151,"47":0.9817464948,"48":0.982622683,"49":0.9789719582}}