{"loss":{"0":0.3038907647},"accuracy":{"0":0.8911784291},"sensitivity":{"0":0.8763644695},"specificity":{"0":0.954082191},"val_loss":{"0":0.9196354151},"val_accuracy":{"0":0.6086829901},"val_sensitivity":{"0":0.5212703943},"val_specificity":{"0":0.8650932312}}