{"loss":{"0":0.2334568948,"1":0.1040447056,"2":0.0659617186,"3":0.0490074269,"4":0.0358564518,"5":0.0337928049,"6":0.0253667608,"7":0.0269846842,"8":0.0230550822,"9":0.0211634599,"10":0.0172122531,"11":0.0184593685,"12":0.0184462089,"13":0.0104887774,"14":0.0187903866,"15":0.0099056009,"16":0.0153982602,"17":0.0149968769,"18":0.0094136335,"19":0.0095111439,"20":0.0132922195,"21":0.0109892851,"22":0.0122385649,"23":0.0078875329,"24":0.0131068043,"25":0.0079671796,"26":0.0072288453,"27":0.0113407644,"28":0.0042667799,"29":0.0097719291,"30":0.0117381578,"31":0.004168814,"32":0.0125509817,"33":0.0034086637,"34":0.0086149191,"35":0.0046577686,"36":0.0048722429,"37":0.0059613818,"38":0.0079779113,"39":0.0079868175,"40":0.0008879422,"41":0.0000682487,"42":0.0000218317,"43":0.0000184201,"44":0.0000194432,"45":0.0000061667,"46":0.0000046779,"47":0.0000040179,"48":0.0000021948,"49":0.0000016593},"accuracy":{"0":0.9134358168,"1":0.965184927,"2":0.9764928818,"3":0.9831773639,"4":0.9876893759,"5":0.9880236387,"6":0.99136585,"7":0.9910316467,"8":0.9917001128,"9":0.9930369854,"10":0.993983984,"11":0.9938725233,"12":0.9941510558,"13":0.9964906573,"14":0.9935383201,"15":0.9967134595,"16":0.9949866533,"17":0.994930923,"18":0.9964906573,"19":0.9968248606,"20":0.9953765869,"21":0.9968248606,"22":0.9962121248,"23":0.9970476627,"24":0.9956550598,"25":0.9972147942,"26":0.9977718592,"27":0.9958779216,"28":0.998495996,"29":0.9967134595,"30":0.9962121248,"31":0.9982174635,"32":0.9961007237,"33":0.9987745285,"34":0.9972705245,"35":0.9983845949,"36":0.9981060624,"37":0.9983288646,"38":0.9970476627,"39":0.9973819256,"40":0.9998328686,"41":1.0,"42":1.0,"43":1.0,"44":1.0,"45":1.0,"46":1.0,"47":1.0,"48":1.0,"49":1.0},"sensitivity":{"0":0.9033533931,"1":0.9640151262,"2":0.9761586189,"3":0.9829545617,"4":0.9876893759,"5":0.9876893759,"6":0.9913101792,"7":0.9908645153,"8":0.9916443825,"9":0.9929812551,"10":0.9939282537,"11":0.9938725233,"12":0.9940953851,"13":0.9964906573,"14":0.9935383201,"15":0.9967134595,"16":0.9949866533,"17":0.9948752522,"18":0.996434927,"19":0.9968248606,"20":0.9953765869,"21":0.9968248606,"22":0.9961563945,"23":0.996991992,"24":0.9956550598,"25":0.9972147942,"26":0.9977718592,"27":0.9958221912,"28":0.998495996,"29":0.9967134595,"30":0.9962121248,"31":0.9982174635,"32":0.9959335923,"33":0.9987745285,"34":0.9972705245,"35":0.9983845949,"36":0.9981060624,"37":0.9982731938,"38":0.9970476627,"39":0.9973819256,"40":0.9998328686,"41":1.0,"42":1.0,"43":1.0,"44":1.0,"45":1.0,"46":1.0,"47":1.0,"48":1.0,"49":1.0},"specificity":{"0":0.9632909894,"1":0.9830659628,"2":0.9883856773,"3":0.9917001128,"4":0.9939282537,"5":0.9940953851,"6":0.9956829548,"7":0.9955715537,"8":0.9958500266,"9":0.9965463281,"10":0.996991992,"11":0.9970476627,"12":0.9971033931,"13":0.9982731938,"14":0.9968526959,"15":0.9984124303,"16":0.9974933267,"17":0.9974654913,"18":0.9982452989,"19":0.9984124303,"20":0.9976882935,"21":0.9984681606,"22":0.9981338978,"23":0.9985238314,"24":0.9978553653,"25":0.9986073971,"26":0.9988859296,"27":0.997966826,"28":0.9992479682,"29":0.9983566999,"30":0.9981060624,"31":0.9991087317,"32":0.9980503321,"33":0.9994150996,"34":0.9986352324,"35":0.9992479682,"36":0.9990530014,"37":0.9991922975,"38":0.9985516667,"39":0.9987187982,"40":0.9999164343,"41":1.0,"42":1.0,"43":1.0,"44":1.0,"45":1.0,"46":1.0,"47":1.0,"48":1.0,"49":1.0},"val_loss":{"0":0.3252502978,"1":0.2673569024,"2":0.1992796361,"3":0.3483269215,"4":0.183790639,"5":0.2734312415,"6":0.2759892941,"7":0.2977629006,"8":0.2548449636,"9":0.1538654566,"10":0.2710930407,"11":0.2030278891,"12":0.3342681229,"13":0.2977012396,"14":0.2811522186,"15":0.3109529018,"16":0.4935846329,"17":0.2657817006,"18":0.1718115807,"19":0.6407864094,"20":0.2726643085,"21":0.2539776862,"22":0.251896292,"23":0.2692679763,"24":0.2283325791,"25":0.308850944,"26":0.557818234,"27":0.2636448443,"28":0.303148061,"29":0.2359011471,"30":0.2614125013,"31":0.2865305245,"32":0.3262045383,"33":0.2955033183,"34":0.3357356787,"35":0.3358014524,"36":0.4062656462,"37":0.2470869422,"38":0.2446435243,"39":0.1878347546,"40":0.2524687946,"41":0.2642088234,"42":0.2738914788,"43":0.2760150135,"44":0.2833130658,"45":0.29179281,"46":0.2980469167,"47":0.3094293475,"48":0.3135986626,"49":0.3215484023},"val_accuracy":{"0":0.8825934529,"1":0.9138434529,"2":0.9407126307,"3":0.9042056203,"4":0.9503504634,"5":0.9319509268,"6":0.935747683,"7":0.9313668013,"8":0.9418808222,"9":0.9553154111,"10":0.9261097908,"11":0.9407126307,"12":0.9395443797,"13":0.9494742751,"14":0.9375,"15":0.9471378326,"16":0.9354556203,"17":0.9430490732,"18":0.9576518536,"19":0.8606892228,"20":0.9529789686,"21":0.9418808222,"22":0.9407126307,"23":0.9529789686,"24":0.9497663379,"25":0.9415887594,"26":0.9021612406,"27":0.9515187144,"28":0.9500584006,"29":0.9500584006,"30":0.9521027803,"31":0.9497663379,"32":0.949182272,"33":0.9535630941,"34":0.9436331987,"35":0.9506425261,"36":0.9319509268,"37":0.9550233483,"38":0.9556074739,"39":0.9620327353,"40":0.962908864,"41":0.9632009268,"42":0.9632009268,"43":0.9637850523,"44":0.9632009268,"45":0.9637850523,"46":0.9632009268,"47":0.9634929895,"48":0.9634929895,"49":0.9634929895},"val_sensitivity":{"0":0.8793808222,"1":0.9135513902,"2":0.9401285052,"3":0.903329432,"4":0.9503504634,"5":0.9310747385,"6":0.9351635575,"7":0.9310747385,"8":0.9410046935,"9":0.9550233483,"10":0.9249415994,"11":0.940420568,"12":0.939252317,"13":0.9494742751,"14":0.9372079372,"15":0.9471378326,"16":0.9354556203,"17":0.9430490732,"18":0.9576518536,"19":0.8598130941,"20":0.9529789686,"21":0.9415887594,"22":0.940420568,"23":0.9529789686,"24":0.9497663379,"25":0.9415887594,"26":0.9012850523,"27":0.9512266517,"28":0.9500584006,"29":0.9500584006,"30":0.9521027803,"31":0.9497663379,"32":0.9488902092,"33":0.9535630941,"34":0.9430490732,"35":0.9506425261,"36":0.9319509268,"37":0.9550233483,"38":0.9556074739,"39":0.9620327353,"40":0.962908864,"41":0.9632009268,"42":0.9632009268,"43":0.9637850523,"44":0.9632009268,"45":0.9637850523,"46":0.9632009268,"47":0.9634929895,"48":0.9634929895,"49":0.9634929895},"val_specificity":{"0":0.9440712333,"1":0.9580899477,"2":0.9710864425,"3":0.9526869059,"4":0.9754672647,"5":0.9664135575,"6":0.9681658745,"7":0.965829432,"8":0.9710864425,"9":0.9783878326,"10":0.9639310837,"11":0.9706483483,"12":0.970502317,"13":0.9747371674,"14":0.9688960314,"15":0.9735689163,"16":0.9677277803,"17":0.971670568,"18":0.9789719582,"19":0.9307827353,"20":0.9764894843,"21":0.9709404111,"22":0.970502317,"23":0.9764894843,"24":0.9753212333,"25":0.9709404111,"26":0.9515187144,"27":0.9757593274,"28":0.9750292301,"29":0.9751752615,"30":0.9760513902,"31":0.9753212333,"32":0.974591136,"33":0.9767815471,"34":0.9718165994,"35":0.9754672647,"36":0.9665595889,"37":0.9778037667,"38":0.9779497385,"39":0.9810163379,"40":0.9816004634,"41":0.9816004634,"42":0.9816004634,"43":0.9820385575,"44":0.9816004634,"45":0.9818925261,"46":0.9816004634,"47":0.9817464948,"48":0.9817464948,"49":0.9817464948}}