{"loss":{"0":0.2597144842,"1":0.1196748763,"2":0.0769203454,"3":0.0521738902,"4":0.0367227755,"5":0.0314223059,"6":0.0250042696,"7":0.0207585692,"8":0.0221569594,"9":0.0205971133,"10":0.0191101637,"11":0.0110253757,"12":0.015668232,"13":0.0180510376,"14":0.0096648606,"15":0.015640419,"16":0.0069019515,"17":0.0216927473,"18":0.0064043007,"19":0.0140621047,"20":0.0086846305,"21":0.0106913084,"22":0.008935147,"23":0.0063757165,"24":0.0102023818,"25":0.0056552389,"26":0.0084167439,"27":0.0081673693,"28":0.0067629302,"29":0.0070263259,"30":0.0069247507,"31":0.0082930354,"32":0.004753218,"33":0.0081489431,"34":0.0060310061,"35":0.0076604714,"36":0.0021342752,"37":0.0074908235,"38":0.0036223775,"39":0.0063312901,"40":0.0063388133,"41":0.0055966582,"42":0.0031065443,"43":0.0063328613,"44":0.0042063724,"45":0.0059004012,"46":0.0046714991,"47":0.0011545121,"48":0.0000597944,"49":0.0161660537},"accuracy":{"0":0.9043560624,"1":0.9602829814,"2":0.9741532803,"3":0.982453227,"4":0.9876337051,"5":0.9888591766,"6":0.9910873175,"7":0.9933711886,"8":0.9925913811,"9":0.9930369854,"10":0.9932597876,"11":0.9965463281,"12":0.9948195219,"13":0.9952094555,"14":0.9968805909,"15":0.9945409894,"16":0.9981060624,"17":0.9937054515,"18":0.9978832603,"19":0.9955993891,"20":0.9973819256,"21":0.9961007237,"22":0.9971590638,"23":0.9975489974,"24":0.996434927,"25":0.9981617928,"26":0.9970476627,"27":0.9973261952,"28":0.9977718592,"29":0.9977718592,"30":0.997938931,"31":0.9971590638,"32":0.9983845949,"33":0.9973261952,"34":0.9980503321,"35":0.9978275299,"36":0.9993315339,"37":0.9972705245,"38":0.9989973307,"39":0.9976603985,"40":0.9977161288,"41":0.9982731938,"42":0.9990530014,"43":0.9981617928,"44":0.9989416003,"45":0.9986073971,"46":0.998495996,"47":0.9997771978,"48":1.0,"49":0.9953765869},"sensitivity":{"0":0.8913213015,"1":0.9591131806,"2":0.9739304781,"3":0.9821189642,"4":0.987410903,"5":0.9886363745,"6":0.9910316467,"7":0.9932597876,"8":0.9925356507,"9":0.9930369854,"10":0.9930927157,"11":0.9965463281,"12":0.9947637916,"13":0.994930923,"14":0.9968248606,"15":0.9944853187,"16":0.9981060624,"17":0.9936497211,"18":0.9978832603,"19":0.9955436587,"20":0.9973819256,"21":0.9960449934,"22":0.9971033931,"23":0.9975489974,"24":0.996434927,"25":0.9981060624,"26":0.9970476627,"27":0.9973261952,"28":0.9977718592,"29":0.9977718592,"30":0.997938931,"31":0.9971590638,"32":0.9983845949,"33":0.9972705245,"34":0.9980503321,"35":0.9978275299,"36":0.9993315339,"37":0.9972147942,"38":0.9989973307,"39":0.9976603985,"40":0.9977161288,"41":0.9982174635,"42":0.9989973307,"43":0.9981617928,"44":0.9989416003,"45":0.9986073971,"46":0.998495996,"47":0.9997771978,"48":1.0,"49":0.9952651262},"specificity":{"0":0.9597538114,"1":0.9808656573,"2":0.9876337051,"3":0.9915608168,"4":0.9939282537,"5":0.9946523905,"6":0.9955715537,"7":0.9966856241,"8":0.9963513613,"9":0.9965463281,"10":0.9966577291,"11":0.9982731938,"12":0.9974375963,"13":0.9976047277,"14":0.9984402657,"15":0.9972983599,"16":0.9990530014,"17":0.9969084263,"18":0.9989416003,"19":0.9977996945,"20":0.9986909628,"21":0.998078227,"22":0.9985795617,"23":0.9987745285,"24":0.9982174635,"25":0.9990808964,"26":0.9985238314,"27":0.9986631274,"28":0.998913765,"29":0.9988859296,"30":0.9989694953,"31":0.9986073971,"32":0.9991922975,"33":0.9986631274,"34":0.9990808964,"35":0.9989416003,"36":0.9996657968,"37":0.9986352324,"38":0.9994986653,"39":0.9988301992,"40":0.9988580942,"41":0.9991644621,"42":0.9995265007,"43":0.9990808964,"44":0.99947083,"45":0.9993036985,"46":0.9992479682,"47":0.9998885989,"48":1.0,"49":0.9977161288},"val_loss":{"0":0.1794338375,"1":0.175814867,"2":0.182031244,"3":0.2245838791,"4":0.159078896,"5":0.2217764705,"6":0.1911706477,"7":0.2068036199,"8":0.1884155869,"9":0.1980201006,"10":0.2108436078,"11":0.2846748829,"12":0.2268472612,"13":0.2855736911,"14":0.2236031443,"15":0.2668373883,"16":0.4672321081,"17":0.2413997054,"18":0.2373064309,"19":0.2387028784,"20":0.2689512074,"21":0.581022799,"22":0.2441009432,"23":0.4052177966,"24":0.3465807438,"25":0.2510303855,"26":0.3162858486,"27":0.2016471922,"28":0.2913279235,"29":0.2699567974,"30":0.2892149687,"31":0.2487396002,"32":0.2757150233,"33":0.2892802656,"34":0.2669853568,"35":0.3102832735,"36":0.289873153,"37":0.2756609023,"38":0.244803369,"39":0.3013277948,"40":0.3143984377,"41":0.2193700671,"42":0.2535152137,"43":0.2960425317,"44":0.3197072446,"45":0.3363476396,"46":0.2042869478,"47":0.2698889077,"48":0.2877421379,"49":0.1747491807},"val_accuracy":{"0":0.9436331987,"1":0.9439252615,"2":0.9477219582,"3":0.938668251,"4":0.9512266517,"5":0.9515187144,"6":0.959988296,"7":0.9506425261,"8":0.9547312856,"9":0.9561915994,"10":0.9579439163,"11":0.9497663379,"12":0.9582359791,"13":0.9471378326,"14":0.9521027803,"15":0.9576518536,"16":0.9220210314,"17":0.9494742751,"18":0.9576518536,"19":0.9544392228,"20":0.9547312856,"21":0.8983644843,"22":0.9573597908,"23":0.946261704,"24":0.9331191778,"25":0.9556074739,"26":0.9442172647,"27":0.9605724216,"28":0.9564836621,"29":0.9588201046,"30":0.9535630941,"31":0.9585280418,"32":0.9608644843,"33":0.9512266517,"34":0.9614486098,"35":0.9506425261,"36":0.9620327353,"37":0.9424649477,"38":0.9596962333,"39":0.9591121674,"40":0.9558995366,"41":0.9579439163,"42":0.9602803588,"43":0.9588201046,"44":0.957067728,"45":0.9529789686,"46":0.9614486098,"47":0.9620327353,"48":0.9626168013,"49":0.9567757249},"val_sensitivity":{"0":0.9430490732,"1":0.9439252615,"2":0.9468457699,"3":0.9375,"4":0.9497663379,"5":0.9509345889,"6":0.9596962333,"7":0.9503504634,"8":0.9544392228,"9":0.9561915994,"10":0.9576518536,"11":0.9497663379,"12":0.9573597908,"13":0.9468457699,"14":0.9521027803,"15":0.9573597908,"16":0.9211448431,"17":0.949182272,"18":0.9576518536,"19":0.9541472197,"20":0.9547312856,"21":0.8977803588,"22":0.9567757249,"23":0.946261704,"24":0.9331191778,"25":0.9556074739,"26":0.9442172647,"27":0.959988296,"28":0.9564836621,"29":0.9588201046,"30":0.9535630941,"31":0.9585280418,"32":0.9608644843,"33":0.9512266517,"34":0.9614486098,"35":0.9506425261,"36":0.9620327353,"37":0.9424649477,"38":0.9591121674,"39":0.9591121674,"40":0.9558995366,"41":0.9579439163,"42":0.9602803588,"43":0.9588201046,"44":0.9567757249,"45":0.9526869059,"46":0.9614486098,"47":0.9620327353,"48":0.9626168013,"49":0.9567757249},"val_specificity":{"0":0.9731308222,"1":0.9725467563,"2":0.9741530418,"3":0.9696261883,"4":0.9759053588,"5":0.9757593274,"6":0.9799941778,"7":0.9759053588,"8":0.9778037667,"9":0.9783878326,"10":0.9789719582,"11":0.9748831987,"12":0.9794100523,"13":0.9737149477,"14":0.9761974216,"15":0.9788259268,"16":0.9611565471,"17":0.9748831987,"18":0.9788259268,"19":0.9772196412,"20":0.977511704,"21":0.949182272,"22":0.9788259268,"23":0.9731308222,"24":0.9667056203,"25":0.9778037667,"26":0.9721086621,"27":0.9802862406,"28":0.978533864,"29":0.9794100523,"30":0.9769275784,"31":0.9794100523,"32":0.9805782437,"33":0.9757593274,"34":0.9807242751,"35":0.9753212333,"36":0.9811623693,"37":0.9713785052,"38":0.9798481464,"39":0.9798481464,"40":0.9779497385,"41":0.9791179895,"42":0.9801402092,"43":0.9797021151,"44":0.978533864,"45":0.9766355157,"46":0.9807242751,"47":0.9811623693,"48":0.9813084006,"49":0.9788259268}}