{"loss":{"0":0.2264925838},"accuracy":{"0":0.9191176295},"sensitivity":{"0":0.9078654051},"specificity":{"0":0.965184927},"val_loss":{"0":0.1258859336},"val_accuracy":{"0":0.9544392228},"val_sensitivity":{"0":0.9541472197},"val_specificity":{"0":0.9780957699}}