{"loss":{"0":0.2220186591,"1":0.1223606765,"2":0.090846315,"3":0.0666422918,"4":0.0565648377,"5":0.0503874607,"6":0.0329517946,"7":0.0308071896,"8":0.0354850776,"9":0.0285850633,"10":0.019651508,"11":0.0234467518,"12":0.0229218397,"13":0.0188916009,"14":0.0177650098,"15":0.0192148313,"16":0.0186568405,"17":0.0120191704,"18":0.015764486,"19":0.0133281918,"20":0.0153349303,"21":0.0138758738,"22":0.0168498252,"23":0.0117587429,"24":0.0144463126,"25":0.0110642472,"26":0.0089155268,"27":0.0130463308,"28":0.008042003,"29":0.0129287243,"30":0.0074262442,"31":0.0092801573,"32":0.0087504536,"33":0.0087002562,"34":0.0121841626,"35":0.0091798222,"36":0.0076741264,"37":0.0074748439,"38":0.0098826941,"39":0.0095752208,"40":0.007132703,"41":0.008531169,"42":0.00832392,"43":0.0053899507,"44":0.010380487,"45":0.0038466849,"46":0.0087971995,"47":0.006162968,"48":0.0084862364,"49":0.0079354607},"accuracy":{"0":0.9209558964,"1":0.9577763081,"2":0.9674131274,"3":0.9761586189,"4":0.9806706905,"5":0.9814505577,"6":0.9888034463,"7":0.9890263081,"8":0.9876893759,"9":0.9899732471,"10":0.9937054515,"11":0.9915329814,"12":0.9918671846,"13":0.9935383201,"14":0.9940953851,"15":0.9932041168,"16":0.9938725233,"17":0.9958221912,"18":0.9942624569,"19":0.995487988,"20":0.9951537251,"21":0.9954322577,"22":0.993983984,"23":0.9962121248,"24":0.9958221912,"25":0.9956550598,"26":0.9972147942,"27":0.9952651262,"28":0.9968805909,"29":0.9952651262,"30":0.9971590638,"31":0.9963792562,"32":0.9968805909,"33":0.9965463281,"34":0.9962121248,"35":0.9969362617,"36":0.9974375963,"37":0.9976047277,"38":0.9963235259,"39":0.9968805909,"40":0.9979946613,"41":0.9972147942,"42":0.9972705245,"43":0.9985516667,"44":0.9965463281,"45":0.9986073971,"46":0.9969362617,"47":0.9983288646,"48":0.9967691898,"49":0.9976047277},"sensitivity":{"0":0.9126002789,"1":0.9563279748,"2":0.9670231938,"3":0.9754344821,"4":0.9800022244,"5":0.9811162949,"6":0.9886920452,"7":0.9888591766,"8":0.987410903,"9":0.9899732471,"10":0.9936497211,"11":0.9915329814,"12":0.9918671846,"13":0.9934826493,"14":0.993983984,"15":0.9931483865,"16":0.9938168526,"17":0.9957664609,"18":0.9942624569,"19":0.9954322577,"20":0.9951537251,"21":0.9954322577,"22":0.993983984,"23":0.9961563945,"24":0.9958221912,"25":0.9955993891,"26":0.9972147942,"27":0.9952651262,"28":0.9968805909,"29":0.9952651262,"30":0.9971033931,"31":0.9963792562,"32":0.9968805909,"33":0.9965463281,"34":0.9961563945,"35":0.9968805909,"36":0.9974375963,"37":0.9974933267,"38":0.9962677956,"39":0.9968805909,"40":0.997938931,"41":0.9972147942,"42":0.9972705245,"43":0.9985516667,"44":0.9965463281,"45":0.9986073971,"46":0.9969362617,"47":0.9983288646,"48":0.9967691898,"49":0.9976047277},"specificity":{"0":0.9643215537,"1":0.9796401262,"2":0.9840686321,"3":0.9882742763,"4":0.9904745817,"5":0.9908923507,"6":0.9944853187,"7":0.9946523905,"8":0.9939282537,"9":0.9950423241,"10":0.9968805909,"11":0.9958221912,"12":0.9959335923,"13":0.9968526959,"14":0.9970755577,"15":0.9966020584,"16":0.996964097,"17":0.9979110956,"18":0.9972426295,"19":0.9977439642,"20":0.9975768924,"21":0.9977161288,"22":0.9970198274,"23":0.9981338978,"24":0.9979110956,"25":0.9978275299,"26":0.9986073971,"27":0.9976325631,"28":0.9984402657,"29":0.9976603985,"30":0.9985795617,"31":0.9981896281,"32":0.9984402657,"33":0.9983010292,"34":0.9981060624,"35":0.9984681606,"36":0.9987187982,"37":0.9988301992,"38":0.9981617928,"39":0.9984402657,"40":0.9989973307,"41":0.9986352324,"42":0.9986352324,"43":0.9992758632,"44":0.9982731938,"45":0.9993036985,"46":0.9984681606,"47":0.9991644621,"48":0.9984124303,"49":0.9988023639},"val_loss":{"0":0.2174174935,"1":0.182926923,"2":0.1766786128,"3":0.1551005244,"4":0.2026661485,"5":0.2076395303,"6":0.2757948637,"7":0.1933663487,"8":0.1905841082,"9":0.217083469,"10":0.1791012138,"11":0.2745164931,"12":0.203370586,"13":0.20480223,"14":0.1801020503,"15":0.448268503,"16":0.2420790642,"17":0.1944883168,"18":0.1950225234,"19":0.2010504305,"20":0.1892989725,"21":0.2464270741,"22":0.2071926296,"23":0.1977905333,"24":0.2125887424,"25":0.2311186045,"26":0.2382941693,"27":0.2889000177,"28":0.2387287468,"29":0.2727043033,"30":0.2575921416,"31":0.2320031077,"32":0.4646208882,"33":0.405336678,"34":0.3049124479,"35":0.2830741704,"36":0.2111820728,"37":0.2763767838,"38":0.2269825041,"39":0.2509242594,"40":0.2254625112,"41":0.2604715824,"42":0.4577817023,"43":0.2848172188,"44":0.2939360738,"45":0.2466147989,"46":0.2846198082,"47":0.2200217396,"48":0.2329668999,"49":0.3186141849},"val_accuracy":{"0":0.9202687144,"1":0.9348714948,"2":0.946261704,"3":0.9503504634,"4":0.9313668013,"5":0.935747683,"6":0.9167640209,"7":0.9480140209,"8":0.957067728,"9":0.9553154111,"10":0.9591121674,"11":0.928738296,"12":0.9556074739,"13":0.9582359791,"14":0.9556074739,"15":0.8910630941,"16":0.9453855157,"17":0.9541472197,"18":0.9453855157,"19":0.9556074739,"20":0.949182272,"21":0.9351635575,"22":0.9547312856,"23":0.9596962333,"24":0.9585280418,"25":0.9561915994,"26":0.9521027803,"27":0.9474298954,"28":0.9450934529,"29":0.9526869059,"30":0.9579439163,"31":0.9538551569,"32":0.8939836621,"33":0.9445093274,"34":0.9313668013,"35":0.9556074739,"36":0.9564836621,"37":0.9538551569,"38":0.9611565471,"39":0.959988296,"40":0.9594042301,"41":0.9576518536,"42":0.9161798954,"43":0.9515187144,"44":0.957067728,"45":0.9637850523,"46":0.9547312856,"47":0.9585280418,"48":0.9594042301,"49":0.9532710314},"val_sensitivity":{"0":0.9144275784,"1":0.9334112406,"2":0.9459696412,"3":0.9497663379,"4":0.9296144843,"5":0.9354556203,"6":0.9144275784,"7":0.9474298954,"8":0.9567757249,"9":0.9550233483,"10":0.9591121674,"11":0.9284462333,"12":0.9553154111,"13":0.9576518536,"14":0.9556074739,"15":0.8910630941,"16":0.9445093274,"17":0.9541472197,"18":0.9439252615,"19":0.9556074739,"20":0.9488902092,"21":0.934579432,"22":0.9544392228,"23":0.9596962333,"24":0.9585280418,"25":0.9561915994,"26":0.9521027803,"27":0.9474298954,"28":0.9450934529,"29":0.9526869059,"30":0.9579439163,"31":0.9535630941,"32":0.8936915994,"33":0.9445093274,"34":0.9301986098,"35":0.9556074739,"36":0.9564836621,"37":0.9538551569,"38":0.9608644843,"39":0.9594042301,"40":0.9594042301,"41":0.9573597908,"42":0.9155957699,"43":0.9512266517,"44":0.9567757249,"45":0.9637850523,"46":0.9547312856,"47":0.9585280418,"48":0.9591121674,"49":0.9532710314},"val_specificity":{"0":0.9637850523,"1":0.9680198431,"2":0.9734228849,"3":0.9754672647,"4":0.9659754634,"5":0.9681658745,"6":0.9592581987,"7":0.9742990732,"8":0.978533864,"9":0.9776577353,"10":0.9798481464,"11":0.9646612406,"12":0.9778037667,"13":0.9792640209,"14":0.9778037667,"15":0.946261704,"16":0.9729847908,"17":0.977511704,"18":0.9729847908,"19":0.9780957699,"20":0.9748831987,"21":0.9678738117,"22":0.9776577353,"23":0.9798481464,"24":0.9794100523,"25":0.9780957699,"26":0.9760513902,"27":0.9737149477,"28":0.972692728,"29":0.9763434529,"30":0.9789719582,"31":0.9769275784,"32":0.947283864,"33":0.9722546935,"34":0.9664135575,"35":0.9778037667,"36":0.9782418013,"37":0.9769275784,"38":0.9807242751,"39":0.9801402092,"40":0.9797021151,"41":0.9788259268,"42":0.9583820105,"43":0.9759053588,"44":0.9786798954,"45":0.9818925261,"46":0.9773656726,"47":0.9792640209,"48":0.9797021151,"49":0.9766355157}}