{"loss":{"0":0.2886497378,"1":0.1332114041,"2":0.0890160725,"3":0.0585943535,"4":0.0428413451,"5":0.0389245264,"6":0.0305156577,"7":0.0276742764,"8":0.0213738587,"9":0.0184523202,"10":0.0188577846,"11":0.0136995716,"12":0.0175170116,"13":0.0160426293,"14":0.0160984807,"15":0.012052889,"16":0.0150887379,"17":0.0087712631,"18":0.0114702499,"19":0.0101768477,"20":0.0125053097,"21":0.0091124624,"22":0.0112392092,"23":0.0077934368,"24":0.0080984859,"25":0.0089033432,"26":0.0093397535,"27":0.0085109491,"28":0.0094668902,"29":0.0049337125,"30":0.0107443063,"31":0.0074310456,"32":0.006809839,"33":0.0065777311,"34":0.0067329369,"35":0.0078639435,"36":0.0050638588,"37":0.0057935477,"38":0.0064759655,"39":0.005998278,"40":0.0086791925,"41":0.0058648908,"42":0.0079220925,"43":0.0020576825,"44":0.0071673775,"45":0.0024301405,"46":0.0085799545,"47":0.0041759941,"48":0.0048997444,"49":0.0067436486},"accuracy":{"0":0.8966131806,"1":0.9544897676,"2":0.9689171314,"3":0.978888154,"4":0.9845699668,"5":0.9870209694,"6":0.9891377091,"7":0.9903631806,"8":0.9923128486,"9":0.9937054515,"10":0.9934826493,"11":0.9952651262,"12":0.9940396547,"13":0.9947637916,"14":0.9944853187,"15":0.9958779216,"16":0.9946523905,"17":0.9974933267,"18":0.9961563945,"19":0.9968248606,"20":0.9957664609,"21":0.9973261952,"22":0.9962677956,"23":0.996991992,"24":0.9973261952,"25":0.9971033931,"26":0.9972147942,"27":0.9969362617,"28":0.996991992,"29":0.9982731938,"30":0.9967691898,"31":0.9978832603,"32":0.9978275299,"33":0.9975489974,"34":0.9977718592,"35":0.9972147942,"36":0.998495996,"37":0.9986073971,"38":0.9980503321,"39":0.9981060624,"40":0.9971590638,"41":0.9980503321,"42":0.9974375963,"43":0.9992758632,"44":0.9974375963,"45":0.9992201328,"46":0.9973261952,"47":0.9985516667,"48":0.9984402657,"49":0.9979946613},"sensitivity":{"0":0.8699866533,"1":0.9523729682,"2":0.9679144621,"3":0.9784424901,"4":0.9841243029,"5":0.9865753055,"6":0.988914907,"7":0.9902517796,"8":0.9922571182,"9":0.9937054515,"10":0.9934826493,"11":0.9952651262,"12":0.9939282537,"13":0.9946523905,"14":0.9944853187,"15":0.9958779216,"16":0.9946523905,"17":0.9974933267,"18":0.9961563945,"19":0.9968248606,"20":0.9956550598,"21":0.9972705245,"22":0.9962677956,"23":0.9969362617,"24":0.9973261952,"25":0.9971033931,"26":0.9972147942,"27":0.9968248606,"28":0.9969362617,"29":0.9982731938,"30":0.9967691898,"31":0.9978832603,"32":0.9978275299,"33":0.9975489974,"34":0.9977718592,"35":0.9972147942,"36":0.998495996,"37":0.9986073971,"38":0.9980503321,"39":0.9981060624,"40":0.9971590638,"41":0.9980503321,"42":0.9974375963,"43":0.9992758632,"44":0.9974375963,"45":0.9992201328,"46":0.9973261952,"47":0.9985516667,"48":0.9984402657,"49":0.9979946613},"specificity":{"0":0.9600601792,"1":0.9782475233,"2":0.984932065,"3":0.9896947145,"4":0.9924799204,"5":0.9936775565,"6":0.9946802855,"7":0.9952930212,"8":0.9961563945,"9":0.9968805909,"10":0.9967691898,"11":0.9976603985,"12":0.9970476627,"13":0.997409761,"14":0.9972705245,"15":0.997966826,"16":0.9973540306,"17":0.9987466335,"18":0.9981060624,"19":0.9984124303,"20":0.9978832603,"21":0.9986631274,"22":0.9981338978,"23":0.998495996,"24":0.9986631274,"25":0.9985795617,"26":0.9986352324,"27":0.9984681606,"28":0.998495996,"29":0.9991365671,"30":0.9983845949,"31":0.9989416003,"32":0.998913765,"33":0.9987745285,"34":0.9988859296,"35":0.9986073971,"36":0.9992479682,"37":0.9993036985,"38":0.999025166,"39":0.9990808964,"40":0.9985795617,"41":0.9990530014,"42":0.9987187982,"43":0.9996379018,"44":0.9987187982,"45":0.9996100664,"46":0.9986631274,"47":0.9992758632,"48":0.9992201328,"49":0.9989973307},"val_loss":{"0":1.1604920626,"1":275.4568481445,"2":4.2834339142,"3":2.4872868061,"4":19.7646598816,"5":801.8700561523,"6":3.0184133053,"7":122.3535690308,"8":4.715072155,"9":0.5245838761,"10":2.3442955017,"11":1.2287154198,"12":931.6190185547,"13":1501.6440429688,"14":0.7956867814,"15":209.3304138184,"16":122.0212020874,"17":41.9951782227,"18":55.4910430908,"19":360.7944641113,"20":0.3129724264,"21":0.8033155203,"22":7977.22265625,"23":2.2134356499,"24":20.1173229218,"25":1.4515014887,"26":2.0656189919,"27":1459.63671875,"28":1.0246136189,"29":0.4195949733,"30":1.2123279572,"31":1.1095080376,"32":2.4106886387,"33":1209.1697998047,"34":839.2454833984,"35":1.900401473,"36":12.6235628128,"37":492.1477050781,"38":3.3465952873,"39":1.5966906548,"40":7.0020108223,"41":55.706199646,"42":11.7239313126,"43":909.2454223633,"44":0.7437295914,"45":162.9367675781,"46":2.1146423817,"47":16.6124668121,"48":144.7262573242,"49":1.1209694147},"val_accuracy":{"0":0.5137266517,"1":0.2938084006,"2":0.410630852,"3":0.4529789686,"4":0.3644859791,"5":0.2987733781,"6":0.4544392526,"7":0.2996495366,"8":0.4170560837,"9":0.8235981464,"10":0.4170560837,"11":0.6530373693,"12":0.2943925261,"13":0.2946845889,"14":0.7476635575,"15":0.2946845889,"16":0.313960284,"17":0.3519275784,"18":0.2917640209,"19":0.3011098206,"20":0.9331191778,"21":0.7316004634,"22":0.2952686846,"23":0.4328271151,"24":0.4191004634,"25":0.5388434529,"26":0.5005841255,"27":0.3463785052,"28":0.6635513902,"29":0.8823013902,"30":0.6124415994,"31":0.6939252615,"32":0.5137266517,"33":0.346670568,"34":0.2978971899,"35":0.6115654111,"36":0.4544392526,"37":0.2809579372,"38":0.4795560837,"39":0.6273364425,"40":0.3507593572,"41":0.2876752317,"42":0.4071261585,"43":0.2958528101,"44":0.8703271151,"45":0.3028621376,"46":0.4614486098,"47":0.3063668311,"48":0.3300233781,"49":0.7292640209},"val_sensitivity":{"0":0.4623247683,"1":0.2932243049,"2":0.3834696114,"3":0.443341136,"4":0.3609813154,"5":0.2987733781,"6":0.4421728849,"7":0.2996495366,"8":0.4170560837,"9":0.8177570105,"10":0.4170560837,"11":0.6410630941,"12":0.2943925261,"13":0.2946845889,"14":0.730432272,"15":0.2946845889,"16":0.313960284,"17":0.3519275784,"18":0.2917640209,"19":0.3011098206,"20":0.9325350523,"21":0.7091121674,"22":0.2952686846,"23":0.4307827055,"24":0.4191004634,"25":0.5353387594,"26":0.4994158745,"27":0.3463785052,"28":0.6585864425,"29":0.8805490732,"30":0.6057242751,"31":0.6866238117,"32":0.5125584006,"33":0.346670568,"34":0.2978971899,"35":0.6089369059,"36":0.4538551271,"37":0.2809579372,"38":0.4754672945,"39":0.6244158745,"40":0.3507593572,"41":0.2876752317,"42":0.40625,"43":0.2958528101,"44":0.8694509268,"45":0.3028621376,"46":0.4436331689,"47":0.3063668311,"48":0.3300233781,"49":0.7242990732},"val_specificity":{"0":0.7919100523,"1":0.6471962333,"2":0.7215245366,"3":0.7368574739,"4":0.685747683,"5":0.649386704,"6":0.7367114425,"7":0.6498247385,"8":0.7085280418,"9":0.9153037667,"10":0.7085280418,"11":0.8352803588,"12":0.6471962333,"13":0.6473422647,"14":0.8846378326,"15":0.6473422647,"16":0.6569801569,"17":0.6761097908,"18":0.6458820105,"19":0.6505548954,"20":0.9668516517,"21":0.8785046935,"22":0.6476343274,"23":0.722692728,"24":0.7096962333,"25":0.7752628326,"26":0.7551109791,"27":0.6731892228,"28":0.8384929895,"29":0.9442172647,"30":0.8180490732,"31":0.853533864,"32":0.7610981464,"33":0.6733352542,"34":0.6489486098,"35":0.808557272,"36":0.7278037667,"37":0.6404789686,"38":0.7424065471,"39":0.8171728849,"40":0.6753796935,"41":0.6438376307,"42":0.704293251,"43":0.6479263902,"44":0.9353095889,"45":0.6514310837,"46":0.7530665994,"47":0.6531834006,"48":0.665011704,"49":0.8700350523}}