{"loss":{"0":0.2495510727},"accuracy":{"0":0.9081996679},"sensitivity":{"0":0.8924353719},"specificity":{"0":0.9620376825},"val_loss":{"0":2.5653512478},"val_accuracy":{"0":0.4713785052},"val_sensitivity":{"0":0.4705023468},"val_specificity":{"0":0.7384637594}}