{"loss":{"0":0.2957038283,"1":0.1423758417,"2":0.0978944823,"3":0.0746933892,"4":0.0534293614,"5":0.0397375822,"6":0.0374017358,"7":0.0283588879,"8":0.0261870734,"9":0.0255675036,"10":0.0216704663,"11":0.0236767195,"12":0.0185095817,"13":0.0184982233,"14":0.0163001101,"15":0.0177886058,"16":0.0148896873,"17":0.0176816005,"18":0.0130622657,"19":0.0137499012,"20":0.0121285524,"21":0.0118821897,"22":0.0113435676,"23":0.0131022763,"24":0.0109059997,"25":0.0112910029,"26":0.0105273928,"27":0.0125567522,"28":0.0105128493,"29":0.0108790742,"30":0.0110360803,"31":0.0078028687,"32":0.0091840271,"33":0.0078373328,"34":0.0104871299,"35":0.0104590598,"36":0.0074750264,"37":0.0093550682,"38":0.0071136989,"39":0.0086718211,"40":0.008047523,"41":0.007452399,"42":0.008397514,"43":0.0076568164,"44":0.0078340583,"45":0.0080299918,"46":0.0071575795,"47":0.0063536391,"48":0.0072213579,"49":0.0077566877},"accuracy":{"0":0.893294692,"1":0.9513254762,"2":0.9673089981,"3":0.9766651988,"4":0.98329252,"5":0.987747848,"6":0.9875807762,"7":0.9916462302,"8":0.9909779429,"9":0.9909779429,"10":0.9929828644,"11":0.9930942059,"12":0.9942080379,"13":0.9938182235,"14":0.9942637682,"15":0.9946535826,"16":0.9949320555,"17":0.9952105284,"18":0.9964357615,"19":0.9954332709,"20":0.9956560731,"21":0.9961015582,"22":0.9967141747,"23":0.9958788157,"24":0.9964357615,"25":0.9963243604,"26":0.9967141747,"27":0.9957674146,"28":0.9971040487,"29":0.996658504,"30":0.9963243604,"31":0.9978837371,"32":0.9972153902,"33":0.9972711205,"34":0.9968255758,"35":0.9967699051,"36":0.9982178807,"37":0.997772336,"38":0.997772336,"39":0.9976052642,"40":0.9971040487,"41":0.9980508089,"42":0.9975495934,"43":0.9980508089,"44":0.9977166653,"45":0.997772336,"46":0.9980508089,"47":0.9981064796,"48":0.9978280067,"49":0.9977166653},"sensitivity":{"0":0.8792047501,"1":0.9501002431,"2":0.9667520523,"3":0.9763310552,"4":0.9829583168,"5":0.9875807762,"6":0.9875807762,"7":0.9915348887,"8":0.9909779429,"9":0.9909779429,"10":0.9929828644,"11":0.9929828644,"12":0.9940966964,"13":0.9937068224,"14":0.9942637682,"15":0.9945979118,"16":0.9948763847,"17":0.995154798,"18":0.9964357615,"19":0.9954332709,"20":0.9956560731,"21":0.9961015582,"22":0.9967141747,"23":0.9958788157,"24":0.9964357615,"25":0.9962129593,"26":0.9967141747,"27":0.9957117438,"28":0.9970483184,"29":0.9966028333,"30":0.9963243604,"31":0.9978837371,"32":0.9971597195,"33":0.9972153902,"34":0.9968255758,"35":0.9967699051,"36":0.9981064796,"37":0.997772336,"38":0.997772336,"39":0.9976052642,"40":0.9970483184,"41":0.9980508089,"42":0.9975495934,"43":0.9979950786,"44":0.9977166653,"45":0.9977166653,"46":0.9979950786,"47":0.9981064796,"48":0.9978280067,"49":0.9977166653},"specificity":{"0":0.9546113014,"1":0.9766930342,"2":0.9843784571,"3":0.9884161353,"4":0.9917854667,"5":0.9939017892,"6":0.9939017892,"7":0.9958509803,"8":0.9955725074,"9":0.995544672,"10":0.9965471029,"11":0.9965471029,"12":0.9971040487,"13":0.9969090819,"14":0.9971597195,"15":0.9973267913,"16":0.9974660277,"17":0.9976330996,"18":0.9982178807,"19":0.9977445006,"20":0.9978280067,"21":0.9980786443,"22":0.9983571172,"23":0.9979394078,"24":0.9982178807,"25":0.9981621504,"26":0.9983571172,"27":0.9979115725,"28":0.9985520244,"29":0.9983571172,"30":0.9981621504,"31":0.9989418387,"32":0.9986076951,"33":0.9986634254,"34":0.9984406233,"35":0.9983849525,"36":0.9991089106,"37":0.998886168,"38":0.998886168,"39":0.9988026023,"40":0.9985520244,"41":0.9990254045,"42":0.9987747669,"43":0.9990254045,"44":0.998886168,"45":0.9989140034,"46":0.9990254045,"47":0.9990532398,"48":0.9989140034,"49":0.9988583326},"val_loss":{"0":1.6147985458,"1":0.2577094734,"2":2.7032585144,"3":0.6146713495,"4":1.0128378868,"5":1.5258278847,"6":1.234454155,"7":0.9727785587,"8":4.0324587822,"9":2.9857940674,"10":2.1472728252,"11":1.3175740242,"12":1.8922457695,"13":1.5132703781,"14":0.3062696159,"15":3.2654314041,"16":4.6839709282,"17":2.558973074,"18":2.3998775482,"19":7.2823672295,"20":2.2985436916,"21":0.5817180276,"22":3.780241251,"23":1.4416474104,"24":0.2859970927,"25":0.3789559603,"26":1.7592633963,"27":0.3994248509,"28":0.8519912362,"29":0.219053492,"30":1.2429336309,"31":0.2427442074,"32":0.3719000816,"33":0.2615246773,"34":0.406727761,"35":0.646918714,"36":1.0823540688,"37":0.4269211292,"38":0.2542641461,"39":3.187132597,"40":0.4855137467,"41":0.3363500834,"42":0.8459723592,"43":1.4126616716,"44":2.2898650169,"45":0.4344345927,"46":0.2760078311,"47":0.2561881244,"48":0.3728705645,"49":0.5884885192},"val_accuracy":{"0":0.5305944085,"1":0.9087995291,"2":0.4554195702,"3":0.7502913475,"4":0.4994172454,"5":0.6381118894,"6":0.6439393759,"7":0.7753496766,"8":0.4201631844,"9":0.558275044,"10":0.644230783,"11":0.6538461447,"12":0.4898018539,"13":0.5075757504,"14":0.9184148908,"15":0.4699883461,"16":0.4495920837,"17":0.4478438199,"18":0.5518648028,"19":0.4189976752,"20":0.5460373163,"21":0.8135198355,"22":0.5087412596,"23":0.6841492057,"24":0.9490092993,"25":0.9175407887,"26":0.5043706298,"27":0.9111305475,"28":0.835955739,"29":0.9597902298,"30":0.6506410241,"31":0.960955739,"32":0.936188817,"33":0.9568764567,"34":0.9015151262,"35":0.8161422014,"36":0.641608417,"37":0.9082167745,"38":0.9493007064,"39":0.4504661858,"40":0.8636363745,"41":0.9455128312,"42":0.7977855206,"43":0.6622960567,"44":0.6322844028,"45":0.8875291348,"46":0.952505827,"47":0.944347322,"48":0.9291958213,"49":0.9047203064},"val_sensitivity":{"0":0.5230186582,"1":0.905885756,"2":0.4504661858,"3":0.7156177163,"4":0.3435314596,"5":0.5935314894,"6":0.6384032369,"7":0.7677738667,"8":0.4195804298,"9":0.558275044,"10":0.6343240142,"11":0.6515151262,"12":0.4842657447,"13":0.5,"14":0.9178321958,"15":0.4647435844,"16":0.4487179518,"17":0.4460955858,"18":0.5504079461,"19":0.4181235433,"20":0.539044261,"21":0.8097319603,"22":0.5075757504,"23":0.6794871688,"24":0.9487179518,"25":0.916958034,"26":0.5,"27":0.9108391404,"28":0.8342074752,"29":0.9597902298,"30":0.6483100057,"31":0.960955739,"32":0.9353147149,"33":0.9568764567,"34":0.8994755149,"35":0.8129370809,"36":0.6363636255,"37":0.9070512652,"38":0.9490092993,"39":0.4271561801,"40":0.8624708652,"41":0.9452214241,"42":0.7942890525,"43":0.6620046496,"44":0.630536139,"45":0.8863636255,"46":0.9519230723,"47":0.944347322,"48":0.9286130667,"49":0.9044288993},"val_specificity":{"0":0.7703962922,"1":0.9558566213,"2":0.7341200709,"3":0.9000582695,"4":0.8462995291,"5":0.848921895,"6":0.8282342553,"7":0.8918997645,"8":0.7103729844,"9":0.7800116539,"10":0.8273601532,"11":0.8301281929,"12":0.7533507943,"13":0.7632575631,"14":0.9602272511,"15":0.7386363745,"16":0.7274184227,"17":0.7288752794,"18":0.7776806355,"19":0.7100815773,"20":0.7789918184,"21":0.9118589759,"22":0.7562645674,"23":0.845425427,"24":0.9746503234,"25":0.9594988227,"26":0.7561188936,"27":0.9561480284,"28":0.9185606241,"29":0.9800407887,"30":0.8295454383,"31":0.9804778695,"32":0.9680944085,"33":0.9784382582,"34":0.9517773986,"35":0.9106934667,"36":0.827505827,"37":0.9549825191,"38":0.9746503234,"39":0.7437354326,"40":0.9331293702,"41":0.9729021192,"42":0.9016608596,"43":0.831730783,"44":0.8219696879,"45":0.9444929957,"46":0.9763985872,"47":0.9726107121,"48":0.9647436142,"49":0.9526515007}}