{"loss":{"0":0.2928110361},"accuracy":{"0":0.8927696347},"sensitivity":{"0":0.8814616799},"specificity":{"0":0.9533199668},"val_loss":{"0":0.2304410189},"val_accuracy":{"0":0.9207459092},"val_sensitivity":{"0":0.9143356681},"val_specificity":{"0":0.9638694525}}