{"loss":{"0":0.2295341343},"accuracy":{"0":0.9182263613},"sensitivity":{"0":0.9085338712},"specificity":{"0":0.9643493891},"val_loss":{"0":0.1473416239},"val_accuracy":{"0":0.9494742751},"val_sensitivity":{"0":0.9480140209},"val_specificity":{"0":0.9753212333}}