{"loss":{"0":0.241890341},"accuracy":{"0":0.9131572843},"sensitivity":{"0":0.902684927},"specificity":{"0":0.9619541168},"val_loss":{"0":0.1418117434},"val_accuracy":{"0":0.9509345889},"val_sensitivity":{"0":0.9497663379},"val_specificity":{"0":0.9761974216}}