{"loss":{"0":0.26042521,"1":0.1024448723,"2":0.0665063262,"3":0.047197599,"4":0.0419771187,"5":0.0330474451,"6":0.0300867744,"7":0.0164436121,"8":0.0287484601,"9":0.0218491144,"10":0.0222184677,"11":0.0174445622,"12":0.0088473465,"13":0.0114590237,"14":0.0279273093,"15":0.0121935001,"16":0.0251680389,"17":0.0086467043,"18":0.0088297017,"19":0.0131541807,"20":0.0097366618,"21":0.0145357829,"22":0.0129050231,"23":0.0098543679,"24":0.0078055514,"25":0.0166559089,"26":0.0056114276,"27":0.0076549244,"28":0.0147581361,"29":0.0042250492,"30":0.0101319617,"31":0.0081103276,"32":0.0084862448,"33":0.0137106553,"34":0.0057827784,"35":0.0080280062,"36":0.0017545262,"37":0.0075563514,"38":0.0088826297,"39":0.0130354753,"40":0.0035212727,"41":0.0092361476,"42":0.0024207497,"43":0.0003909754,"44":0.0000794348,"45":0.0000853109,"46":0.0212701224,"47":0.0063350876,"48":0.0062019806,"49":0.0011192145},"accuracy":{"0":0.9030506015,"1":0.9643601179,"2":0.9750000238,"3":0.9834821224,"4":0.985491097,"5":0.9884672761,"6":0.9904018044,"7":0.9944196343,"8":0.9905505776,"9":0.9925595522,"10":0.9929315448,"11":0.9943452477,"12":0.9976190329,"13":0.9962797761,"14":0.9903273582,"15":0.9959077239,"16":0.9906994104,"17":0.9969494343,"18":0.9975446463,"19":0.9954612851,"20":0.9966517687,"21":0.9952380657,"22":0.9956101179,"23":0.9968749881,"24":0.9976934791,"25":0.9947172403,"26":0.9980654716,"27":0.9973958135,"28":0.9948660731,"29":0.998288691,"30":0.9969494343,"31":0.9970982075,"32":0.9972470403,"33":0.9953125119,"34":0.9977678657,"35":0.9981398582,"36":0.999404788,"37":0.9976934791,"38":0.9976934791,"39":0.9961309433,"40":0.9989583492,"41":0.9968749881,"42":0.999404788,"43":0.9999256134,"44":1.0,"45":1.0,"46":0.9936755896,"47":0.9982143044,"48":0.9985119104,"49":0.999702394},"sensitivity":{"0":0.8864583373,"1":0.9627231956,"2":0.9742559791,"3":0.983258903,"4":0.9852678776,"5":0.9882440567,"6":0.9903273582,"7":0.9943452477,"8":0.9901785851,"9":0.9925595522,"10":0.9928571582,"11":0.9942708611,"12":0.9976190329,"13":0.9961309433,"14":0.9901785851,"15":0.9958333373,"16":0.9906994104,"17":0.9969494343,"18":0.9975446463,"19":0.9954612851,"20":0.9966517687,"21":0.9952380657,"22":0.9955357313,"23":0.9968749881,"24":0.9976190329,"25":0.9947172403,"26":0.9980654716,"27":0.9972470403,"28":0.9948660731,"29":0.998288691,"30":0.9969494343,"31":0.9970982075,"32":0.9971725941,"33":0.9952380657,"34":0.9977678657,"35":0.9981398582,"36":0.999404788,"37":0.9976934791,"38":0.9976934791,"39":0.9961309433,"40":0.9989583492,"41":0.9968006015,"42":0.9993303418,"43":0.9999256134,"44":1.0,"45":1.0,"46":0.9935267568,"47":0.9982143044,"48":0.9985119104,"49":0.999702394},"specificity":{"0":0.962648809,"1":0.982663691,"2":0.9880580306,"3":0.9917782545,"4":0.9928571582,"5":0.994382441,"6":0.9952753186,"7":0.997209847,"8":0.9953125119,"9":0.9963169694,"10":0.9965029955,"11":0.9971725941,"12":0.9988095164,"13":0.9981771111,"14":0.9952008724,"15":0.9979910851,"16":0.9953497052,"17":0.9985491037,"18":0.9987723231,"19":0.9977306724,"20":0.9983258843,"21":0.9976562262,"22":0.9978422523,"23":0.9984375238,"24":0.9988467097,"25":0.9973958135,"26":0.9990327358,"27":0.9986979365,"28":0.9974330068,"29":0.9991443157,"30":0.9984747171,"31":0.9985491037,"32":0.9986234903,"33":0.9976562262,"34":0.998883903,"35":0.9990699291,"36":0.999702394,"37":0.9988467097,"38":0.9988467097,"39":0.9980654716,"40":0.9994791746,"41":0.9984375238,"42":0.999702394,"43":0.9999628067,"44":1.0,"45":1.0,"46":0.9969121814,"47":0.9991071224,"48":0.9992559552,"49":0.9998511672},"val_loss":{"0":0.1979608536,"1":0.2025907636,"2":0.3203845024,"3":0.1775971353,"4":0.3099910319,"5":0.193568781,"6":0.2279589921,"7":0.3143823147,"8":0.6917529702,"9":0.25211519,"10":0.2985732555,"11":0.2960535884,"12":0.3200713694,"13":0.2870523632,"14":0.2791805863,"15":1.269821763,"16":0.2043973356,"17":0.2702403665,"18":0.49146837,"19":0.1813780814,"20":0.2633678019,"21":0.1749095768,"22":0.2292942256,"23":0.2320025861,"24":0.2195188254,"25":0.2106640339,"26":0.2137212753,"27":0.4569418728,"28":0.2157836705,"29":0.2957465351,"30":0.3469034731,"31":0.549949944,"32":0.2530849278,"33":0.2318883687,"34":0.44443205,"35":0.2283881009,"36":0.2447850704,"37":0.2159294188,"38":0.2275514007,"39":0.4934950173,"40":0.2547856867,"41":0.2386985719,"42":0.2392610013,"43":0.2596091926,"44":0.2797020078,"45":0.3119688928,"46":0.2129379958,"47":0.25641644,"48":0.1921909451,"49":0.2249448001},"val_accuracy":{"0":0.9301339388,"1":0.9372767806,"2":0.9044643044,"3":0.9495535493,"4":0.9046875238,"5":0.9544642568,"6":0.9446428418,"7":0.9196428657,"8":0.8412946463,"9":0.9495535493,"10":0.9368303418,"11":0.9491071701,"12":0.9479910731,"13":0.9325892925,"14":0.9276785851,"15":0.7359374762,"16":0.9470981956,"17":0.9553571343,"18":0.9098214507,"19":0.9551339149,"20":0.9544642568,"21":0.9549106956,"22":0.9504464269,"23":0.9540178776,"24":0.9616071582,"25":0.9562500119,"26":0.9580357075,"27":0.8966518044,"28":0.9566964507,"29":0.9546874762,"30":0.952008903,"31":0.9031249881,"32":0.9484375119,"33":0.9511160851,"34":0.9401785731,"35":0.9604910612,"36":0.9607142806,"37":0.9616071582,"38":0.9544642568,"39":0.8859375119,"40":0.9537946582,"41":0.9560267925,"42":0.9589285851,"43":0.9607142806,"44":0.9609375,"45":0.9575892687,"46":0.9544642568,"47":0.9604910612,"48":0.9566964507,"49":0.9645089507},"val_sensitivity":{"0":0.9281250238,"1":0.9372767806,"2":0.9024553299,"3":0.9482142925,"4":0.9037946463,"5":0.9544642568,"6":0.944196403,"7":0.9176339507,"8":0.8383928537,"9":0.9488839507,"10":0.9366071224,"11":0.9491071701,"12":0.9477678537,"13":0.9325892925,"14":0.9263392687,"15":0.735491097,"16":0.9468749762,"17":0.9553571343,"18":0.9093750119,"19":0.9549106956,"20":0.954241097,"21":0.954241097,"22":0.9504464269,"23":0.9537946582,"24":0.9613839388,"25":0.9562500119,"26":0.9580357075,"27":0.8964285851,"28":0.9564732313,"29":0.9546874762,"30":0.952008903,"31":0.9031249881,"32":0.9484375119,"33":0.9508928657,"34":0.9395089149,"35":0.9602678418,"36":0.9607142806,"37":0.9613839388,"38":0.9544642568,"39":0.8850446343,"40":0.9535714388,"41":0.9560267925,"42":0.9589285851,"43":0.9604910612,"44":0.9609375,"45":0.9573660493,"46":0.9540178776,"47":0.9604910612,"48":0.9566964507,"49":0.9645089507},"val_specificity":{"0":0.9669643044,"1":0.9691964388,"2":0.9534597993,"3":0.9753348231,"4":0.9529017806,"5":0.9773437381,"6":0.9725446701,"7":0.9610490799,"8":0.9227678776,"9":0.9752232432,"10":0.9686384201,"11":0.9745535851,"12":0.9739955068,"13":0.9664062262,"14":0.9646205306,"15":0.8681919575,"16":0.9738839269,"17":0.977678597,"18":0.9549106956,"19":0.977678597,"20":0.9773437381,"21":0.9775669575,"22":0.9756696224,"23":0.9771205187,"24":0.9808035493,"25":0.9784598351,"26":0.9790178537,"27":0.9484375119,"28":0.9784598351,"29":0.9773437381,"30":0.9761160612,"31":0.9522321224,"32":0.9747768044,"33":0.9755580425,"34":0.9700892568,"35":0.9802455306,"36":0.9803571701,"37":0.9809151888,"38":0.9773437381,"39":0.9436383843,"40":0.9768972993,"41":0.9780133963,"42":0.9794642925,"43":0.9803571701,"44":0.98046875,"45":0.9787946343,"46":0.9773437381,"47":0.9803571701,"48":0.9784598351,"49":0.9823660851}}