{"loss":{"0":0.262086153,"1":0.1006664187,"2":0.0628713071,"3":0.0514799058,"4":0.0410234183,"5":0.029806843,"6":0.0327310264,"7":0.0181668513,"8":0.0201214384,"9":0.0204764102,"10":0.0199541729,"11":0.0172102768,"12":0.0148275355,"13":0.0150443744,"14":0.0164168756,"15":0.0162894744,"16":0.0141849704,"17":0.0085511506,"18":0.0088145034,"19":0.016087668,"20":0.00670254,"21":0.0125042703,"22":0.0136069907,"23":0.0113319503,"24":0.0120043186,"25":0.0066288868,"26":0.0045116125,"27":0.006343904,"28":0.0161495022,"29":0.0054337727,"30":0.0043364353,"31":0.0095068086,"32":0.0137699898,"33":0.0091649611,"34":0.0028801914,"35":0.0047358037,"36":0.0136650288,"37":0.0077646626,"38":0.0097342506,"39":0.0089252703,"40":0.0028902534,"41":0.0014970363,"42":0.0076593156,"43":0.0076966975,"44":0.0061058798,"45":0.0094782617,"46":0.0080231903,"47":0.0043020858,"48":0.002146736,"49":0.0042138123},"accuracy":{"0":0.9019345045,"1":0.9644345045,"2":0.9787946343,"3":0.9816964269,"4":0.9858630896,"5":0.9898809791,"6":0.9879464507,"7":0.9938244224,"8":0.992782712,"9":0.9919642806,"10":0.9923363328,"11":0.9948660731,"12":0.9947916865,"13":0.9952380657,"14":0.9949404597,"15":0.9949404597,"16":0.9951636791,"17":0.9967262149,"18":0.9968749881,"19":0.9947172403,"20":0.9974702597,"21":0.9967262149,"22":0.9953868985,"23":0.9959077239,"24":0.9959077239,"25":0.9981398582,"26":0.9991071224,"27":0.9978422523,"28":0.9952380657,"29":0.9987351298,"30":0.998586297,"31":0.9969494343,"32":0.9955357313,"33":0.9969494343,"34":0.9990327358,"35":0.9985119104,"36":0.9958333373,"37":0.9976190329,"38":0.9968006015,"39":0.9972470403,"40":0.9991815686,"41":0.9995535612,"42":0.9975446463,"43":0.9974702597,"44":0.9981398582,"45":0.9967262149,"46":0.9974702597,"47":0.9988095164,"48":0.9993303418,"49":0.9987351298},"sensitivity":{"0":0.8860862851,"1":0.9633184671,"2":0.978273809,"3":0.9811012149,"4":0.9855654836,"5":0.9898809791,"6":0.9878720045,"7":0.9936755896,"8":0.9926339388,"9":0.9919642806,"10":0.9923363328,"11":0.9947916865,"12":0.9947916865,"13":0.9952380657,"14":0.9949404597,"15":0.9949404597,"16":0.9951636791,"17":0.9967262149,"18":0.9968749881,"19":0.9947172403,"20":0.9973958135,"21":0.9967262149,"22":0.9953125119,"23":0.9959077239,"24":0.9958333373,"25":0.9981398582,"26":0.9991071224,"27":0.9977678657,"28":0.9952380657,"29":0.9986607432,"30":0.998586297,"31":0.9969494343,"32":0.9955357313,"33":0.9968749881,"34":0.9990327358,"35":0.9985119104,"36":0.9958333373,"37":0.9976190329,"38":0.9967262149,"39":0.9972470403,"40":0.9991815686,"41":0.9994791746,"42":0.9975446463,"43":0.9974702597,"44":0.9981398582,"45":0.9967262149,"46":0.9974702597,"47":0.9988095164,"48":0.9993303418,"49":0.9987351298},"specificity":{"0":0.9597098231,"1":0.982663691,"2":0.9895461202,"3":0.9910342097,"4":0.9931175709,"5":0.9950149059,"6":0.9940103889,"7":0.9969494343,"8":0.9964285493,"9":0.9960565567,"10":0.9961681366,"11":0.9974330068,"12":0.9973958135,"13":0.9976190329,"14":0.9975818396,"15":0.997507453,"16":0.9976190329,"17":0.9983630776,"18":0.9984375238,"19":0.9973958135,"20":0.9987723231,"21":0.9983630776,"22":0.9976934791,"23":0.9979538918,"24":0.9979538918,"25":0.9991443157,"26":0.9995535612,"27":0.9989211559,"28":0.9976190329,"29":0.9993675351,"30":0.9992931485,"31":0.9984747171,"32":0.9977678657,"33":0.9985119104,"34":0.9995163679,"35":0.9992931485,"36":0.9979166389,"37":0.9988095164,"38":0.9984002709,"39":0.9986234903,"40":0.9995907545,"41":0.9997767806,"42":0.9987723231,"43":0.9987723231,"44":0.9990699291,"45":0.9983630776,"46":0.9987351298,"47":0.999404788,"48":0.999702394,"49":0.9993675351},"val_loss":{"0":0.3674508035,"1":0.3640062213,"2":0.1722248346,"3":0.3010700941,"4":0.2176944911,"5":0.4039847255,"6":0.1898768246,"7":0.1784024686,"8":0.4027023911,"9":0.2223833799,"10":0.3538391888,"11":0.2860496342,"12":0.2614782453,"13":0.2061047405,"14":0.2420534194,"15":0.2553538978,"16":0.2185852379,"17":0.3669504821,"18":0.2067892551,"19":0.3185953498,"20":0.2292879075,"21":0.2479554564,"22":0.312579006,"23":0.5724602938,"24":0.2464122176,"25":0.3006853163,"26":0.3014626801,"27":0.2047733366,"28":0.2264657766,"29":0.2168612033,"30":0.2541250587,"31":0.2659884095,"32":0.5994908214,"33":0.2251997739,"34":0.2486677468,"35":0.2726422846,"36":0.3786865175,"37":0.203174293,"38":0.2680476606,"39":0.2232180983,"40":0.2456338108,"41":0.2836105227,"42":0.3006727695,"43":0.2799909413,"44":0.2651913166,"45":0.2321026921,"46":0.2551870346,"47":0.300355792,"48":0.2528525293,"49":0.4478058815},"val_accuracy":{"0":0.875,"1":0.883928597,"2":0.9448660612,"3":0.9071428776,"4":0.9381696582,"5":0.9185267687,"6":0.9504464269,"7":0.9546874762,"8":0.9107142687,"9":0.9515625238,"10":0.9290178418,"11":0.9350446463,"12":0.9486607313,"13":0.9526785612,"14":0.9562500119,"15":0.9408482313,"16":0.9511160851,"17":0.9194196463,"18":0.954241097,"19":0.9350446463,"20":0.9526785612,"21":0.938616097,"22":0.9314731956,"23":0.8915178776,"24":0.9582589269,"25":0.9513393044,"26":0.9484375119,"27":0.9571428299,"28":0.9529017806,"29":0.9595982432,"30":0.9522321224,"31":0.9488839507,"32":0.9102678299,"33":0.9582589269,"34":0.9524553418,"35":0.9566964507,"36":0.9198660851,"37":0.9580357075,"38":0.9428571463,"39":0.9573660493,"40":0.9562500119,"41":0.9562500119,"42":0.9462053776,"43":0.9533482194,"44":0.9517857432,"45":0.9524553418,"46":0.9551339149,"47":0.9544642568,"48":0.9560267925,"49":0.9352678657},"val_sensitivity":{"0":0.8687499762,"1":0.8808035851,"2":0.944196403,"3":0.90625,"4":0.9379464388,"5":0.9183035493,"6":0.9493303299,"7":0.9546874762,"8":0.9107142687,"9":0.9511160851,"10":0.9287946224,"11":0.9345982075,"12":0.9484375119,"13":0.9526785612,"14":0.9562500119,"15":0.9406250119,"16":0.9511160851,"17":0.9191964269,"18":0.954241097,"19":0.9350446463,"20":0.9526785612,"21":0.9383928776,"22":0.9312499762,"23":0.8908482194,"24":0.9582589269,"25":0.9511160851,"26":0.9479910731,"27":0.9571428299,"28":0.9526785612,"29":0.9595982432,"30":0.9522321224,"31":0.9486607313,"32":0.9100446701,"33":0.9582589269,"34":0.9524553418,"35":0.9566964507,"36":0.9196428657,"37":0.9580357075,"38":0.9424107075,"39":0.9573660493,"40":0.9560267925,"41":0.9555803537,"42":0.9462053776,"43":0.9533482194,"44":0.9517857432,"45":0.9524553418,"46":0.9551339149,"47":0.9544642568,"48":0.9560267925,"49":0.9350446463},"val_specificity":{"0":0.9398437738,"1":0.9436383843,"2":0.9727678299,"3":0.9537946582,"4":0.9691964388,"5":0.9593750238,"6":0.9756696224,"7":0.9774553776,"8":0.9555803537,"9":0.9758928418,"10":0.9645089507,"11":0.9675223231,"12":0.9744419456,"13":0.9764509201,"14":0.9781249762,"15":0.9705356956,"16":0.9755580425,"17":0.9599330425,"18":0.9772321582,"19":0.9675223231,"20":0.9765625,"21":0.9696428776,"22":0.9661830068,"23":0.9465401769,"24":0.9791294932,"25":0.9756696224,"26":0.9742187262,"27":0.9786830544,"28":0.9765625,"29":0.9799107313,"30":0.9761160612,"31":0.9745535851,"32":0.9554687738,"33":0.9791294932,"34":0.9763392806,"35":0.9783481956,"36":0.9602678418,"37":0.9791294932,"38":0.9714285731,"39":0.9786830544,"40":0.9783481956,"41":0.9782366157,"42":0.9733259082,"43":0.9766740799,"44":0.9758928418,"45":0.9766740799,"46":0.977678597,"47":0.9772321582,"48":0.9781249762,"49":0.9677455425}}