{"loss":{"0":0.2691279948,"1":0.1020299643,"2":0.0558317602,"3":0.0486279577,"4":0.0366989523,"5":0.0280789472,"6":0.03365409,"7":0.0190079436,"8":0.0235822294,"9":0.0187332798,"10":0.0164601374,"11":0.0181723405,"12":0.0142614776,"13":0.0156838801,"14":0.0135201309,"15":0.0165630709,"16":0.0137264011,"17":0.0144699505,"18":0.0061335275,"19":0.0038858007,"20":0.0127669321,"21":0.0176303312,"22":0.0082209334,"23":0.0074699707,"24":0.0065911766,"25":0.0127517199,"26":0.0089223403,"27":0.0104189077,"28":0.0059788669,"29":0.0106393117,"30":0.0132446298,"31":0.0027798307,"32":0.0058910102,"33":0.0103794029,"34":0.0069904877,"35":0.0068658125,"36":0.0065463376,"37":0.010366803,"38":0.0061370181,"39":0.0056742192,"40":0.0053819856,"41":0.0007521362,"42":0.0000428198,"43":0.0000255391,"44":0.0000192052,"45":0.0000117614,"46":0.0000129506,"47":0.0280819349,"48":0.0172487181,"49":0.0029343776},"accuracy":{"0":0.9023809433,"1":0.9642112851,"2":0.9798362851,"3":0.9820684791,"4":0.9869791865,"5":0.9904018044,"6":0.9888392687,"7":0.9936755896,"8":0.9919642806,"9":0.9934523702,"10":0.9942708611,"11":0.993898809,"12":0.9949404597,"13":0.9939731956,"14":0.9946428537,"15":0.993898809,"16":0.9946428537,"17":0.9951636791,"18":0.9983630776,"19":0.998586297,"20":0.9959077239,"21":0.9944940209,"22":0.9976190329,"23":0.9976190329,"24":0.9977678657,"25":0.9955357313,"26":0.9972470403,"27":0.9968006015,"28":0.9981398582,"29":0.9967262149,"30":0.9957589507,"31":0.9990327358,"32":0.998288691,"33":0.9965773821,"34":0.9979910851,"35":0.9976190329,"36":0.9974702597,"37":0.9963541627,"38":0.9976934791,"39":0.9985119104,"40":0.998288691,"41":0.9998511672,"42":1.0,"43":1.0,"44":1.0,"45":1.0,"46":1.0,"47":0.9921875,"48":0.9940476418,"49":0.9989583492},"sensitivity":{"0":0.8805803657,"1":0.9628720284,"2":0.9792410731,"3":0.9819196463,"4":0.9869791865,"5":0.9902529716,"6":0.9886160493,"7":0.9935267568,"8":0.9919642806,"9":0.9933779836,"10":0.9942708611,"11":0.993898809,"12":0.9949404597,"13":0.9939731956,"14":0.9946428537,"15":0.993898809,"16":0.9945684671,"17":0.9950892925,"18":0.998288691,"19":0.998586297,"20":0.9959077239,"21":0.9944940209,"22":0.9976190329,"23":0.9975446463,"24":0.9977678657,"25":0.9954612851,"26":0.9972470403,"27":0.9968006015,"28":0.9980654716,"29":0.9967262149,"30":0.9957589507,"31":0.9990327358,"32":0.998288691,"33":0.9964285493,"34":0.9979166389,"35":0.9976190329,"36":0.9974702597,"37":0.9963541627,"38":0.9976934791,"39":0.9985119104,"40":0.998288691,"41":0.9998511672,"42":1.0,"43":1.0,"44":1.0,"45":1.0,"46":1.0,"47":0.9921131134,"48":0.9939731956,"49":0.998883903},"specificity":{"0":0.9635416865,"1":0.9825893044,"2":0.9901041389,"3":0.9911830425,"4":0.9936383963,"5":0.9953125119,"6":0.9946056604,"7":0.9968377948,"8":0.9961309433,"9":0.9967262149,"10":0.9971354008,"11":0.9969494343,"12":0.9974702597,"13":0.9969866276,"14":0.9973214269,"15":0.9970238209,"16":0.9973586202,"17":0.9975818396,"18":0.9992187619,"19":0.9992931485,"20":0.9979538918,"21":0.9973214269,"22":0.9988467097,"23":0.9988095164,"24":0.9989211559,"25":0.9977678657,"26":0.9986234903,"27":0.9984375238,"28":0.9990699291,"29":0.9983630776,"30":0.9978794456,"31":0.9995163679,"32":0.9991815686,"33":0.9983258843,"34":0.9989955425,"35":0.9988095164,"36":0.9987351298,"37":0.9982143044,"38":0.998883903,"39":0.9992931485,"40":0.9991443157,"41":0.9999256134,"42":1.0,"43":1.0,"44":1.0,"45":1.0,"46":1.0,"47":0.99609375,"48":0.9970610142,"49":0.9994791746},"val_loss":{"0":0.2158927321,"1":0.336894393,"2":0.2202940285,"3":0.174320966,"4":0.2078855485,"5":0.2619719803,"6":0.3090296388,"7":0.2745276988,"8":0.3000146747,"9":0.2215940058,"10":0.3661060929,"11":0.2230791003,"12":0.3713383377,"13":0.2140390575,"14":0.252409637,"15":0.2836928964,"16":0.3096103668,"17":0.2287546992,"18":0.3561606407,"19":0.2232501954,"20":0.2436144948,"21":0.2749287784,"22":0.2944114804,"23":0.2525070906,"24":0.2227329016,"25":0.3456195295,"26":0.2288924009,"27":0.2784947455,"28":0.3095288277,"29":0.2616404295,"30":0.1994784772,"31":0.3085480332,"32":0.4808514118,"33":0.2214686871,"34":0.2014055252,"35":0.265317589,"36":0.3600046635,"37":0.2884872556,"38":0.2654744089,"39":0.3113081753,"40":0.2416772544,"41":0.2497884184,"42":0.2598190308,"43":0.2683967352,"44":0.2767882049,"45":0.283426702,"46":0.2885797918,"47":0.278824538,"48":0.1921434999,"49":0.2443358004},"val_accuracy":{"0":0.9310267568,"1":0.8919642568,"2":0.9361607432,"3":0.9569196701,"4":0.9435268044,"5":0.9361607432,"6":0.9254464507,"7":0.9493303299,"8":0.9444196224,"9":0.9484375119,"10":0.9256696701,"11":0.9437500238,"12":0.9169642925,"13":0.9415178299,"14":0.9473214149,"15":0.9428571463,"16":0.9428571463,"17":0.9571428299,"18":0.9533482194,"19":0.9631696343,"20":0.9437500238,"21":0.9444196224,"22":0.9544642568,"23":0.9631696343,"24":0.9589285851,"25":0.9334821701,"26":0.9622767568,"27":0.9522321224,"28":0.9421874881,"29":0.9459821582,"30":0.9649553299,"31":0.9564732313,"32":0.897321403,"33":0.9618303776,"34":0.9627231956,"35":0.9370535612,"36":0.9433035851,"37":0.9533482194,"38":0.959821403,"39":0.953125,"40":0.9622767568,"41":0.9629464149,"42":0.9622767568,"43":0.9633928537,"44":0.9629464149,"45":0.9629464149,"46":0.9638392925,"47":0.9296875,"48":0.9618303776,"49":0.9578124881},"val_sensitivity":{"0":0.9287946224,"1":0.8908482194,"2":0.9357143044,"3":0.9569196701,"4":0.9421874881,"5":0.9354910851,"6":0.9241071343,"7":0.9493303299,"8":0.9439732432,"9":0.9477678537,"10":0.9254464507,"11":0.9437500238,"12":0.9165178537,"13":0.9415178299,"14":0.9470981956,"15":0.9426339269,"16":0.9424107075,"17":0.9569196701,"18":0.9533482194,"19":0.9629464149,"20":0.9433035851,"21":0.9444196224,"22":0.9540178776,"23":0.9627231956,"24":0.9587053657,"25":0.9332589507,"26":0.962053597,"27":0.952008903,"28":0.9421874881,"29":0.9459821582,"30":0.9649553299,"31":0.9564732313,"32":0.8968750238,"33":0.9611607194,"34":0.9624999762,"35":0.9368303418,"36":0.9430803657,"37":0.9526785612,"38":0.9595982432,"39":0.9529017806,"40":0.9622767568,"41":0.9627231956,"42":0.9622767568,"43":0.9633928537,"44":0.9627231956,"45":0.9627231956,"46":0.9638392925,"47":0.9292410612,"48":0.9618303776,"49":0.9578124881},"val_specificity":{"0":0.9664062262,"1":0.946428597,"2":0.9684152007,"3":0.9786830544,"4":0.9719865918,"5":0.9684152007,"6":0.9630580544,"7":0.9747768044,"8":0.9722098112,"9":0.9745535851,"10":0.9629464149,"11":0.9719865918,"12":0.9587053657,"13":0.9710937738,"14":0.9736607075,"15":0.9714285731,"16":0.9716517925,"17":0.9787946343,"18":0.9767857194,"19":0.9818080068,"20":0.9724330306,"21":0.9722098112,"22":0.9772321582,"23":0.9816964269,"24":0.9794642925,"25":0.9671875238,"26":0.9811384082,"27":0.9761160612,"28":0.9712053537,"29":0.9735491276,"30":0.9825893044,"31":0.9783481956,"32":0.9488839507,"33":0.9809151888,"34":0.981584847,"35":0.96875,"36":0.9716517925,"37":0.9767857194,"38":0.9799107313,"39":0.9766740799,"40":0.9811384082,"41":0.9814732075,"42":0.9811384082,"43":0.9816964269,"44":0.9814732075,"45":0.9814732075,"46":0.9819196463,"47":0.965959847,"48":0.9809151888,"49":0.9790178537}}